Tree,Node,ID,Feature,Split,Yes,No,Missing,Gain,Cover,Category
0,0,0-0,HR,92.0,0-1,0-2,0-2,4460.10498,82339.9609,
0,1,0-1,ICULOS,55.0,0-3,0-4,0-4,2972.53491,48836.793,
0,2,0-2,ICULOS,50.0,0-5,0-6,0-6,861.588379,33503.1719,
0,3,0-3,BUN,27.6573315,0-7,0-8,0-8,1212.67676,34088.1328,
0,4,0-4,MAP,83.0,0-9,0-10,0-10,624.768799,14748.6592,
0,5,0-5,SaO2,91.7990265,0-11,0-12,0-12,776.586121,20994.9414,
0,6,0-6,Fibrinogen,264.488373,0-13,0-14,0-14,321.781006,12508.2285,
0,7,0-7,HospAdmTime,-1.07000005,0-15,0-16,0-16,1063.46338,25875.5566,
0,8,0-8,Bilirubin_direct,0.675999999,0-17,0-18,0-18,309.325317,8212.5752,
0,9,0-9,ICULOS,196.0,0-19,0-20,0-20,303.257446,8582.21973,
0,10,0-10,HR,68.0,0-21,0-22,0-22,301.959656,6166.43945,
0,11,0-11,HospAdmTime,-0.00999999978,0-23,0-24,0-24,282.384521,5574.17041,
0,12,0-12,HR,114.0,0-25,0-26,0-26,575.146179,15420.7715,
0,13,0-13,HospAdmTime,-273.220001,0-27,0-28,0-28,117.336426,1605.63171,
0,14,0-14,ICULOS,204.0,0-29,0-30,0-30,242.855347,10902.5967,
0,15,0-15,Hct,31.3634472,0-31,0-32,0-32,908.085449,14771.2559,
0,16,0-16,ICULOS,11.0,0-33,0-34,0-34,712.068848,11104.3008,
0,17,0-17,HospAdmTime,-0.0199999996,0-35,0-36,0-36,205.190323,3253.75513,
0,18,0-18,Calcium,7.14186335,0-37,0-38,0-38,271.904968,4958.81982,
0,19,0-19,TroponinI,11.3983545,0-39,0-40,0-40,258.636597,7644.88184,
0,20,0-20,Fibrinogen,285.991058,0-41,0-42,0-42,145.249268,937.338074,
0,21,0-21,FiO2,0.491285712,0-43,0-44,0-44,103.153259,937.265259,
0,22,0-22,Calcium,7.6277256,0-45,0-46,0-46,194.408981,5229.17432,
0,23,0-23,HospAdmTime,-129.100006,0-47,0-48,0-48,240.942017,5188.56152,
0,24,0-24,Lactate,2.59794879,0-49,0-50,0-50,77.8509521,385.608826,
0,25,0-25,HospAdmTime,-0.0900000036,0-51,0-52,0-52,615.559082,11726.9736,
0,26,0-26,HospAdmTime,0.0,0-53,0-54,0-54,239.391235,3693.79785,
0,27,0-27,HospAdmTime,-337.76001,0-55,0-56,0-56,99.8204041,156.990784,
0,28,0-28,Bilirubin_total,4.58206511,0-57,0-58,0-58,70.1289062,1448.64087,
0,29,0-29,Phosphate,3.495224,0-59,0-60,0-60,186.293823,9920.3418,
0,30,0-30,Bilirubin_direct,2.41000009,0-61,0-62,0-62,72.9627075,982.255249,
0,31,0-31,Bilirubin_total,2.53132915,0-63,0-64,0-64,300.525146,9102.66699,
0,32,0-32,HospAdmTime,-158.899994,0-65,0-66,0-66,398.930176,5668.58936,
0,33,0-33,HospAdmTime,-0.0500000007,0-67,0-68,0-68,157.32251,3221.77026,
0,34,0-34,pH,7.36397409,0-69,0-70,0-70,367.992432,7882.53076,
0,35,0-35,Creatinine,1.39027393,0-71,0-72,0-72,267.599457,2501.24902,
0,36,0-36,Lactate,2.89330935,0-73,0-74,0-74,189.973495,752.506042,
0,37,0-37,Calcium,6.39703655,0-75,0-76,0-76,122.430054,431.674042,
0,38,0-38,Hgb,10.0138664,0-77,0-78,0-78,112.236206,4527.146,
0,39,0-39,Alkalinephos,115.02475,0-79,0-80,0-80,135.804382,5554.66357,
0,40,0-40,HR,63.0,0-81,0-82,0-82,461.793945,2090.21826,
0,41,0-41,pH,7.37579679,0-83,0-84,0-84,77.8480225,513.558228,
0,42,0-42,HospAdmTime,-19.2999992,0-85,0-86,0-86,103.968849,423.779846,
0,43,0-43,O2Sat,92.125,0-87,0-88,0-88,84.1852722,463.262238,
0,44,0-44,PTT,36.4487457,0-89,0-90,0-90,108.34462,474.003021,
0,45,0-45,pH,7.38104868,0-91,0-92,0-92,246.383881,2595.94458,
0,46,0-46,ICULOS,88.0,0-93,0-94,0-94,135.506165,2633.22974,
0,47,0-47,Lactate,3.06219506,0-95,0-96,0-96,92.1031494,1225.7782,
0,48,0-48,HospAdmTime,-0.0199999996,0-97,0-98,0-98,171.819153,3962.7832,
0,49,0-49,PaCO2,41.0052795,0-99,0-100,0-100,52.7061996,45.6618042,
0,50,0-50,SaO2,91.5072861,0-101,0-102,0-102,30.3188477,339.947021,
0,51,0-51,ICULOS,11.0,0-103,0-104,0-104,459.615997,7341.50537,
0,52,0-52,Hct,29.3720684,0-105,0-106,0-106,164.071701,4385.46826,
0,53,0-53,ICULOS,28.0,0-107,0-108,0-108,178.207214,3485.50879,
0,54,0-54,Creatinine,1.73644006,0-109,0-110,0-110,57.9198914,208.289078,
0,55,0-55,Bilirubin_direct,3.91522717,0-111,0-112,0-112,128.408585,89.8811264,
0,56,0-56,HR,106.5,0-113,0-114,0-114,70.15728,67.1096573,
0,57,0-57,HospAdmTime,-0.0700000003,0-115,0-116,0-116,61.4832764,1339.3894,
0,58,0-58,ICULOS,76.0,0-117,0-118,0-118,12.2893677,109.251511,
0,59,0-59,PaCO2,41.0888519,0-119,0-120,0-120,239.943634,5341.29932,
0,60,0-60,Lactate,3.25634503,0-121,0-122,0-122,194.112427,4579.04248,
0,61,0-61,O2Sat,99.0500031,0-123,0-124,0-124,44.8099365,846.467651,
0,62,0-62,MAP,84.0,0-125,0-126,0-126,178.540085,135.787567,
0,63,0-63,Chloride,104.80899,0-127,0-128,0-128,218.884888,6628.14453,
0,64,0-64,Lactate,2.71241236,0-129,0-130,0-130,145.503998,2474.52197,
0,65,0-65,ICULOS,28.0,0-131,0-132,0-132,245.251678,871.531372,
0,66,0-66,SaO2,94.8077927,0-133,0-134,0-134,445.454102,4797.05811,
0,67,0-67,PTT,39.2959061,0-135,0-136,0-136,143.524689,529.526001,
0,68,0-68,HospAdmTime,0.0,0-137,0-138,0-138,211.76181,2692.24438,
0,69,0-69,Fibrinogen,342.071442,0-139,0-140,0-140,186.564163,650.338867,
0,70,0-70,PTT,44.4518661,0-141,0-142,0-142,295.677979,7232.19189,
0,71,0-71,HR,91.0,0-143,0-144,0-144,136.394653,786.409485,
0,72,0-72,ICULOS,11.0,0-145,0-146,0-146,182.333191,1714.8396,
0,73,0-73,SBP,144.0,0-147,0-148,0-148,54.4863586,573.177063,
0,74,0-74,HospAdmTime,0.0,0-149,0-150,0-150,59.5828247,179.328979,
0,75,0-75,SBP,129.5,0-151,0-152,0-152,49.9142723,51.8182449,
0,76,0-76,HR,91.0,0-153,0-154,0-154,60.3311768,379.855804,
0,77,0-77,O2Sat,97.522728,0-155,0-156,0-156,88.7943878,771.345764,
0,78,0-78,ICULOS,23.0,0-157,0-158,0-158,182.39859,3755.80029,
0,79,0-79,AST,40.0079994,0-159,0-160,0-160,137.973938,4001.79712,
0,80,0-80,HR,70.0,0-161,0-162,0-162,113.40062,1552.86646,
0,81,0-81,ICULOS,133.0,0-163,0-164,0-164,82.8590698,292.980042,
0,82,0-82,Phosphate,3.5,0-165,0-166,0-166,181.695206,1797.23828,
0,83,0-83,MAP,67.0,0-167,0-168,0-168,54.5640907,141.496155,
0,84,0-84,PTT,33.7000008,0-169,0-170,0-170,42.9545288,372.062042,
0,85,0-85,ICULOS,224.0,0-171,0-172,0-172,57.0844574,263.143372,
0,86,0-86,O2Sat,95.0434799,0-173,0-174,0-174,60.8816872,160.63649,
0,87,0-87,HCO3,24.6985512,0-175,0-176,0-176,31.1469269,23.4585857,
0,88,0-88,SaO2,95.8071442,0-177,0-178,0-178,76.9182434,439.80365,
0,89,0-89,Calcium,8.00213242,0-179,0-180,0-180,51.1099968,60.1725388,
0,90,0-90,SaO2,91.8492966,0-181,0-182,0-182,64.4144897,413.830505,
0,91,0-91,HospAdmTime,-0.00999999978,0-183,0-184,0-184,106.727768,783.975403,
0,92,0-92,ICULOS,196.0,0-185,0-186,0-186,116.264938,1811.96924,
0,93,0-93,HospAdmTime,-34.7200012,0-187,0-188,0-188,178.75473,981.986084,
0,94,0-94,BUN,20.0140591,0-189,0-190,0-190,102.973419,1651.24365,
0,95,0-95,Hgb,10.506216,0-191,0-192,0-192,101.783676,394.118042,
0,96,0-96,HR,105.0,0-193,0-194,0-194,46.3623657,831.660156,
0,97,0-97,ICULOS,32.0,0-195,0-196,0-196,140.511871,3158.31177,
0,98,0-98,SBP,154.0,0-197,0-198,0-198,106.754333,804.471497,
0,99,0-99,Leaf,,,,,-0.182222232,10.25,
0,100,0-100,DBP,57.0305443,0-199,0-200,0-200,43.5039711,35.4118042,
0,101,0-101,O2Sat,99.5157928,0-201,0-202,0-202,23.4648438,337.197021,
0,102,0-102,Leaf,,,,,-0.146666676,2.75,
0,103,0-103,Hct,29.3925533,0-203,0-204,0-204,306.32312,2310.61182,
0,104,0-104,Fibrinogen,293.416656,0-205,0-206,0-206,185.719849,5030.89404,
0,105,0-105,BUN,20.6986294,0-207,0-208,0-208,123.416443,702.43396,
0,106,0-106,SBP,159.0,0-209,0-210,0-210,155.752579,3683.03418,
0,107,0-107,HospAdmTime,-593.73999,0-211,0-212,0-212,81.348877,2463.15771,
0,108,0-108,HCO3,23.0381813,0-213,0-214,0-214,83.0932846,1022.35114,
0,109,0-109,ICULOS,11.0,0-215,0-216,0-216,33.5475769,199.138,
0,110,0-110,HCO3,18.0,0-217,0-218,0-218,21.1088333,9.15107346,
0,111,0-111,ICULOS,61.0,0-219,0-220,0-220,20.1339722,75.3811264,
0,112,0-112,Leaf,,,,,-0.187096775,14.5,
0,113,0-113,Leaf,,,,,-0.193599999,30.25,
0,114,0-114,Alkalinephos,103.668221,0-221,0-222,0-222,47.5396461,36.8596573,
0,115,0-115,MAP,69.3300018,0-223,0-224,0-224,52.566803,783.018311,
0,116,0-116,PTT,37.9987183,0-225,0-226,0-226,98.2108765,556.371094,
0,117,0-117,Fibrinogen,213.368546,0-227,0-228,0-228,43.6661377,17.4064388,
0,118,0-118,AST,88.3628311,0-229,0-230,0-230,2.89224243,91.8450775,
0,119,0-119,HR,117.0,0-231,0-232,0-232,199.638,2293.46362,
0,120,0-120,Fibrinogen,291.566925,0-233,0-234,0-234,208.17691,3047.83569,
0,121,0-121,Lactate,2.34421372,0-235,0-236,0-236,82.7104492,3543.81543,
0,122,0-122,Hct,29.7636395,0-237,0-238,0-238,149.070648,1035.22693,
0,123,0-123,Chloride,107.652847,0-239,0-240,0-240,33.3590088,701.87262,
0,124,0-124,SBP,107.0,0-241,0-242,0-242,42.35569,144.595078,
0,125,0-125,HCO3,24.2345676,0-243,0-244,0-244,53.2777481,44.9532204,
0,126,0-126,O2Sat,98.8000031,0-245,0-246,0-246,67.0121078,90.834343,
0,127,0-127,HospAdmTime,-4.28000021,0-247,0-248,0-248,137.042999,1021.03827,
0,128,0-128,HospAdmTime,-352.76001,0-249,0-250,0-250,285.230713,5607.10645,
0,129,0-129,Chloride,107.047691,0-251,0-252,0-252,144.559326,1614.55884,
0,130,0-130,HospAdmTime,-42.4900017,0-253,0-254,0-254,224.829483,859.963135,
0,131,0-131,Bilirubin_direct,0.597500026,0-255,0-256,0-256,157.961639,640.608826,
0,132,0-132,Phosphate,3.36473751,0-257,0-258,0-258,167.147888,230.922531,
0,133,0-133,FiO2,0.5,0-259,0-260,0-260,202.847656,2425.57349,
0,134,0-134,MAP,72.5,0-261,0-262,0-262,140.812988,2371.48462,
0,135,0-135,Magnesium,2.12451458,0-263,0-264,0-264,59.5804138,320.623413,
0,136,0-136,FiO2,0.519035876,0-265,0-266,0-266,117.355042,208.902588,
0,137,0-137,AST,60.2156868,0-267,0-268,0-268,176.274796,2204.68237,
0,138,0-138,TroponinI,5.60228062,0-269,0-270,0-270,117.473969,487.562042,
0,139,0-139,Lactate,3.7956233,0-271,0-272,0-272,159.394943,610.437805,
0,140,0-140,HCO3,25.1194229,0-273,0-274,0-274,26.4179535,39.9010735,
0,141,0-141,AST,218.472595,0-275,0-276,0-276,259.094971,6615.82227,
0,142,0-142,HCO3,23.7784004,0-277,0-278,0-278,156.292465,616.369568,
0,143,0-143,HospAdmTime,-304.619995,0-279,0-280,0-280,155.148987,748.945496,
0,144,0-144,PaCO2,40.626667,0-281,0-282,0-282,25.5688667,37.4639511,
0,145,0-145,FiO2,0.527333319,0-283,0-284,0-284,60.9516563,542.15564,
0,146,0-146,ICULOS,31.0,0-285,0-286,0-286,200.202225,1172.68396,
0,147,0-147,HR,64.3333359,0-287,0-288,0-288,73.3721161,459.483093,
0,148,0-148,pH,7.4000001,0-289,0-290,0-290,49.2823334,113.694,
0,149,0-149,MAP,52.6699982,0-291,0-292,0-292,75.9802704,149.469315,
0,150,0-150,O2Sat,94.1875,0-293,0-294,0-294,38.3444099,29.8596592,
0,151,0-151,Bilirubin_direct,0.99555558,0-295,0-296,0-296,26.3699188,45.8182449,
0,152,0-152,Leaf,,,,,-0.171428576,6.0,
0,153,0-153,O2Sat,97.0427322,0-297,0-298,0-298,53.9338684,344.345062,
0,154,0-154,ICULOS,17.0,0-299,0-300,0-300,60.8473053,35.5107307,
0,155,0-155,ICULOS,47.0,0-301,0-302,0-302,59.3321228,413.598114,
0,156,0-156,HR,80.0,0-303,0-304,0-304,59.9158745,357.74765,
0,157,0-157,pH,7.36820507,0-305,0-306,0-306,78.2518768,2351.17603,
0,158,0-158,Lactate,3.11013508,0-307,0-308,0-308,169.521027,1404.62415,
0,159,0-159,ICULOS,75.0,0-309,0-310,0-310,71.9461212,132.474686,
0,160,0-160,HospAdmTime,-928.859985,0-311,0-312,0-312,123.528442,3869.32251,
0,161,0-161,ICULOS,103.0,0-313,0-314,0-314,82.7782822,247.647217,
0,162,0-162,Magnesium,2.0051415,0-315,0-316,0-316,72.5643463,1305.21924,
0,163,0-163,ICULOS,78.0,0-317,0-318,0-318,51.9969177,186.109665,
0,164,0-164,SaO2,93.8189926,0-319,0-320,0-320,135.985794,106.870392,
0,165,0-165,Fibrinogen,251.290909,0-321,0-322,0-322,162.880142,672.098083,
0,166,0-166,ICULOS,177.0,0-323,0-324,0-324,101.023178,1125.14026,
0,167,0-167,O2Sat,99.5157928,0-325,0-326,0-326,57.3287277,26.3542938,
0,168,0-168,pH,7.36093855,0-327,0-328,0-328,29.68116,115.141853,
0,169,0-169,FiO2,0.400000006,0-329,0-330,0-330,16.7048893,7.65107346,
0,170,0-170,Creatinine,1.13460171,0-331,0-332,0-332,23.6015015,364.41098,
0,171,0-171,Fibrinogen,321.315796,0-333,0-334,0-334,184.666595,105.980049,
0,172,0-172,O2Sat,89.5,0-335,0-336,0-336,31.3950806,157.163315,
0,173,0-173,HospAdmTime,-0.00999999978,0-337,0-338,0-338,47.1427002,67.5214615,
0,174,0-174,DBP,64.3620987,0-339,0-340,0-340,44.8259773,93.1150284,
0,175,0-175,MAP,86.5,0-341,0-342,0-342,16.0546417,19.9585857,
0,176,0-176,Leaf,,,,,-0.155555561,3.5,
0,177,0-177,SOFA,3.0,0-343,0-344,0-344,54.0277252,277.595062,
0,178,0-178,Magnesium,2.01431584,0-345,0-346,0-346,31.3555298,162.208588,
0,179,0-179,Magnesium,2.10065436,0-347,0-348,0-348,11.5265656,39.8182449,
0,180,0-180,Chloride,103.0,0-349,0-350,0-350,25.1213913,20.3542938,
0,181,0-181,BUN,34.0,0-351,0-352,0-352,34.7877121,40.4639511,
0,182,0-182,Calcium,7.38691568,0-353,0-354,0-354,69.7704315,373.366547,
0,183,0-183,TroponinI,15.5874996,0-355,0-356,0-356,104.169914,709.193176,
0,184,0-184,AST,250.25708,0-357,0-358,0-358,12.5391693,74.782196,
0,185,0-185,Magnesium,2.00947142,0-359,0-360,0-360,133.12088,1588.40479,
0,186,0-186,PTT,37.4140778,0-361,0-362,0-362,111.010468,223.564392,
0,187,0-187,Bilirubin_direct,4.0252943,0-363,0-364,0-364,134.783463,188.474686,
0,188,0-188,Magnesium,2.0712738,0-365,0-366,0-366,121.256073,793.511414,
0,189,0-189,ICULOS,196.0,0-367,0-368,0-368,91.3156662,287.866547,
0,190,0-190,Bilirubin_direct,0.733913064,0-369,0-370,0-370,87.3397217,1363.3772,
0,191,0-191,HospAdmTime,-466.220001,0-371,0-372,0-372,68.3019943,370.46698,
0,192,0-192,Alkalinephos,49.0,0-373,0-374,0-374,27.3026505,23.6510735,
0,193,0-193,HospAdmTime,-174.899994,0-375,0-376,0-376,68.0119934,384.180939,
0,194,0-194,HospAdmTime,-225.770004,0-377,0-378,0-378,49.3272705,447.479218,
0,195,0-195,Bilirubin_total,1.78270674,0-379,0-380,0-380,115.906876,2436.49976,
0,196,0-196,Chloride,104.514259,0-381,0-382,0-382,146.250198,721.812073,
0,197,0-197,HR,113.0,0-383,0-384,0-384,81.1038513,784.070435,
0,198,0-198,DBP,57.0305443,0-385,0-386,0-386,19.787426,20.4010735,
0,199,0-199,ICULOS,20.0,0-387,0-388,0-388,10.5493164,21.6096592,
0,200,0-200,O2Sat,94.1875,0-389,0-390,0-390,22.0727615,13.8021469,
0,201,0-201,Potassium,5.4000001,0-391,0-392,0-392,11.2373047,264.920197,
0,202,0-202,Potassium,4.10329247,0-393,0-394,0-394,38.8147278,72.2768326,
0,203,0-203,Magnesium,2.0223856,0-395,0-396,0-396,111.840912,559.693176,
0,204,0-204,Fibrinogen,275.445709,0-397,0-398,0-398,160.691528,1750.91858,
0,205,0-205,MAP,57.0,0-399,0-400,0-400,161.014893,2160.41699,
0,206,0-206,HospAdmTime,-0.819999993,0-401,0-402,0-402,122.172546,2870.47681,
0,207,0-207,ICULOS,22.0,0-403,0-404,0-404,41.1167183,155.38649,
0,208,0-208,Hgb,10.5075169,0-405,0-406,0-406,34.686676,547.047485,
0,209,0-209,PTT,42.5413132,0-407,0-408,0-408,135.756042,3308.15527,
0,210,0-210,Chloride,105.720825,0-409,0-410,0-410,85.7246399,374.878784,
0,211,0-211,HCO3,24.3222427,0-411,0-412,0-412,56.9779053,108.845078,
0,212,0-212,SaO2,93.2687683,0-413,0-414,0-414,88.9891052,2354.3125,
0,213,0-213,FiO2,0.530694366,0-415,0-416,0-416,49.8548355,79.1096573,
0,214,0-214,Fibrinogen,366.763519,0-417,0-418,0-418,61.713398,943.241455,
0,215,0-215,Bilirubin_total,4.21624994,0-419,0-420,0-420,15.8646545,144.918686,
0,216,0-216,Phosphate,3.35372758,0-421,0-422,0-422,80.3312836,54.2193184,
0,217,0-217,Leaf,,,,,0.136529565,2.15107322,
0,218,0-218,Leaf,,,,,-0.174999997,7.0,
0,219,0-219,Chloride,107.210976,0-423,0-424,0-424,41.7923355,12.2032194,
0,220,0-220,SBP,120.5,0-425,0-426,0-426,9.60215759,63.1779022,
0,221,0-221,ICULOS,189.0,0-427,0-428,0-428,71.9100037,25.8542938,
0,222,0-222,Leaf,,,,,0.175011173,11.0053663,
0,223,0-223,Chloride,105.069397,0-429,0-430,0-430,79.5772095,283.659454,
0,224,0-224,Phosphate,3.51863003,0-431,0-432,0-432,57.9203186,499.358826,
0,225,0-225,O2Sat,96.8000031,0-433,0-434,0-434,91.3002853,67.1671753,
0,226,0-226,Bilirubin_direct,4.18428564,0-435,0-436,0-436,70.6539917,489.203918,
0,227,0-227,Leaf,,,,,-0.161904767,4.25,
0,228,0-228,Leaf,,,,,0.178808242,13.1564388,
0,229,0-229,ICULOS,149.0,0-437,0-438,0-438,11.0537252,5.55214643,
0,230,0-230,Leaf,,,,,0.196563289,86.2929306,
0,231,0-231,Alkalinephos,118.740906,0-439,0-440,0-440,157.159286,1801.52588,
0,232,0-232,SBP,105.0,0-441,0-442,0-442,50.9708252,491.937805,
0,233,0-233,HR,125.5,0-443,0-444,0-444,86.3525696,906.279053,
0,234,0-234,HospAdmTime,-0.00999999978,0-445,0-446,0-446,167.764496,2141.55664,
0,235,0-235,HospAdmTime,0.0,0-447,0-448,0-448,96.4864502,732.268311,
0,236,0-236,ICULOS,91.0,0-449,0-450,0-450,68.2352295,2811.54712,
0,237,0-237,SBP,89.0,0-451,0-452,0-452,126.469055,498.207764,
0,238,0-238,HospAdmTime,-593.73999,0-453,0-454,0-454,133.765137,537.019104,
0,239,0-239,Phosphate,3.82190466,0-455,0-456,0-456,32.7575073,698.12262,
0,240,0-240,Leaf,,,,,-0.157894745,3.75,
0,241,0-241,HR,98.0,0-457,0-458,0-458,32.1755981,53.5214653,
0,242,0-242,PaCO2,40.9311218,0-459,0-460,0-460,56.2755508,91.0736084,
0,243,0-243,Leaf,,,,,-0.194520548,35.5,
0,244,0-244,SBP,76.0,0-461,0-462,0-462,26.7864761,9.45321941,
0,245,0-245,HR,119.25,0-463,0-464,0-464,49.7001572,22.6042938,
0,246,0-246,Potassium,4.20126247,0-465,0-466,0-466,19.5597839,68.2300491,
0,247,0-247,HospAdmTime,-7.73999977,0-467,0-468,0-468,177.113831,859.583496,
0,248,0-248,Hct,29.9052105,0-469,0-470,0-470,184.589157,161.454727,
0,249,0-249,Creatinine,1.5,0-471,0-472,0-472,181.689423,339.445526,
0,250,0-250,O2Sat,92.6666641,0-473,0-474,0-474,227.96582,5267.66064,
0,251,0-251,HospAdmTime,-545.789978,0-475,0-476,0-476,104.394279,1304.60413,
0,252,0-252,O2Sat,97.0427322,0-477,0-478,0-478,108.343666,309.954742,
0,253,0-253,TroponinI,1.70517647,0-479,0-480,0-480,88.5614395,460.914825,
0,254,0-254,ICULOS,44.0,0-481,0-482,0-482,82.0999756,399.048309,
0,255,0-255,HospAdmTime,-164.809998,0-483,0-484,0-484,171.171326,134.667175,
0,256,0-256,Lactate,2.34455967,0-485,0-486,0-486,193.366638,505.94165,
0,257,0-257,Creatinine,1.36984229,0-487,0-488,0-488,76.4907684,56.516098,
0,258,0-258,Alkalinephos,71.6101685,0-489,0-490,0-490,56.9450378,174.406433,
0,259,0-259,TroponinI,8.046175,0-491,0-492,0-492,169.918457,1239.44702,
0,260,0-260,DBP,53.7926369,0-493,0-494,0-494,163.669769,1186.12646,
0,261,0-261,HR,64.3333359,0-495,0-496,0-496,87.3850784,233.589706,
0,262,0-262,HospAdmTime,-2.79999995,0-497,0-498,0-498,111.063477,2137.89478,
0,263,0-263,Chloride,105.608589,0-499,0-500,0-500,42.86203,314.123413,
0,264,0-264,Leaf,,,,,-0.173333332,6.5,
0,265,0-265,PTT,41.9794121,0-501,0-502,0-502,68.3638382,94.2139511,
0,266,0-266,Potassium,4.23930502,0-503,0-504,0-504,128.636993,114.688637,
0,267,0-267,Alkalinephos,62.0431671,0-505,0-506,0-506,70.8212433,210.427902,
0,268,0-268,Magnesium,2.05465341,0-507,0-508,0-508,108.878685,1994.25439,
0,269,0-269,Chloride,106.310562,0-509,0-510,0-510,83.4317017,130.230057,
0,270,0-270,Hgb,11.056694,0-511,0-512,0-512,113.81366,357.332001,
0,271,0-271,Phosphate,3.9981482,0-513,0-514,0-514,111.0681,547.38031,
0,272,0-272,ICULOS,49.0,0-515,0-516,0-516,92.7859573,63.0575142,
0,273,0-273,Leaf,,,,,-0.19480519,37.5,
0,274,0-274,Leaf,,,,,0.111792557,2.40107322,
0,275,0-275,Calcium,7.38691568,0-517,0-518,0-518,330.785889,3731.90845,
0,276,0-276,HospAdmTime,-0.0599999987,0-519,0-520,0-520,255.601242,2883.91382,
0,277,0-277,Phosphate,3.50200009,0-521,0-522,0-522,76.145195,117.917175,
0,278,0-278,HospAdmTime,-0.0399999991,0-523,0-524,0-524,86.4682007,498.452393,
0,279,0-279,HospAdmTime,-327.429993,0-525,0-526,0-526,65.8518448,86.7246857,
0,280,0-280,SBP,96.0,0-527,0-528,0-528,121.588501,662.220825,
0,281,0-281,ICULOS,48.0,0-529,0-530,0-530,34.2009811,10.5521469,
0,282,0-282,HospAdmTime,-395.929993,0-531,0-532,0-532,13.4673576,26.9118061,
0,283,0-283,HospAdmTime,-146.449997,0-533,0-534,0-534,34.971344,281.99231,
0,284,0-284,Hct,32.0263672,0-535,0-536,0-536,71.3106461,260.16333,
0,285,0-285,Magnesium,2.02403164,0-537,0-538,0-538,150.786102,603.440125,
0,286,0-286,Bilirubin_direct,0.475882351,0-539,0-540,0-540,151.862106,569.243835,
0,287,0-287,HospAdmTime,-0.00999999978,0-541,0-542,0-542,86.1361084,169.210098,
0,288,0-288,PTT,46.0549011,0-543,0-544,0-544,47.743927,290.27298,
0,289,0-289,ICULOS,13.0,0-545,0-546,0-546,31.0343628,108.444,
0,290,0-290,Leaf,,,,,-0.167999998,5.25,
0,291,0-291,SBP,90.0,0-547,0-548,0-548,23.2029152,16.9064388,
0,292,0-292,HCO3,23.1049099,0-549,0-550,0-550,77.6442566,132.562881,
0,293,0-293,Leaf,,,,,0.178808242,13.1564388,
0,294,0-294,Magnesium,2.11267281,0-551,0-552,0-552,13.8653736,16.7032204,
0,295,0-295,Leaf,,,,,-0.146666676,2.75,
0,296,0-296,HCO3,24.6099682,0-553,0-554,0-554,15.17939,43.0682449,
0,297,0-297,HospAdmTime,-12.8299999,0-555,0-556,0-556,81.5230408,156.078979,
0,298,0-298,HospAdmTime,-0.0399999991,0-557,0-558,0-558,33.1130371,188.266098,
0,299,0-299,ICULOS,5.0,0-559,0-560,0-560,18.6118774,27.0107327,
0,300,0-300,Leaf,,,,,-0.178947374,8.5,
0,301,0-301,FiO2,0.800000012,0-561,0-562,0-562,42.0392456,406.098114,
0,302,0-302,Leaf,,,,,-0.176470593,7.5,
0,303,0-303,TroponinI,2.71416664,0-563,0-564,0-564,45.3140831,167.13649,
0,304,0-304,Hct,29.4188595,0-565,0-566,0-566,48.0261116,190.611176,
0,305,0-305,HR,72.0,0-567,0-568,0-568,99.6012115,309.220825,
0,306,0-306,SBP,99.0,0-569,0-570,0-570,61.5120239,2041.95532,
0,307,0-307,AST,350.79071,0-571,0-572,0-572,162.780609,1279.87793,
0,308,0-308,HospAdmTime,-3.16000009,0-573,0-574,0-574,39.3576508,124.746147,
0,309,0-309,SaO2,92.538353,0-575,0-576,0-576,33.6024818,48.8650246,
0,310,0-310,FiO2,0.5207811,0-577,0-578,0-578,50.0247116,83.6096573,
0,311,0-311,Leaf,,,,,-0.19036144,19.75,
0,312,0-312,Hgb,10.0837564,0-579,0-580,0-580,89.6672363,3849.57251,
0,313,0-313,DBP,57.0305443,0-581,0-582,0-582,39.4430237,125.865028,
0,314,0-314,SBP,112.5,0-583,0-584,0-584,70.8427353,121.782196,
0,315,0-315,BUN,21.1397629,0-585,0-586,0-586,30.296936,133.199371,
0,316,0-316,Magnesium,2.05044389,0-587,0-588,0-588,92.8252106,1172.01978,
0,317,0-317,SBP,116.0,0-589,0-590,0-590,77.901413,69.3596573,
0,318,0-318,Leaf,,,,,-0.198301479,116.75,
0,319,0-319,ICULOS,167.0,0-591,0-592,0-592,39.4894409,79.7085876,
0,320,0-320,ICULOS,146.0,0-593,0-594,0-594,40.2121239,27.1618061,
0,321,0-321,HCO3,21.4575539,0-595,0-596,0-596,75.8278198,101.55751,
0,322,0-322,ICULOS,162.0,0-597,0-598,0-598,95.0045013,570.540588,
0,323,0-323,TroponinI,11.6904612,0-599,0-600,0-600,85.2918549,1053.10803,
0,324,0-324,Fibrinogen,283.340424,0-601,0-602,0-602,46.9922333,72.032196,
0,325,0-325,Leaf,,,,,-0.187692314,15.25,
0,326,0-326,HR,71.0,0-603,0-604,0-604,19.0202141,11.1042929,
0,327,0-327,HR,85.5,0-605,0-606,0-606,1.66366577,26.5628777,
0,328,0-328,HR,68.0,0-607,0-608,0-608,27.2893028,88.5789795,
0,329,0-329,Leaf,,,,,0.111792557,2.40107322,
0,330,0-330,Leaf,,,,,-0.167999998,5.25,
0,331,0-331,MAP,78.5,0-609,0-610,0-610,32.3127518,47.9171715,
0,332,0-332,Creatinine,2.07342196,0-611,0-612,0-612,8.06732178,316.493805,
0,333,0-333,Leaf,,,,,-0.192920357,27.25,
0,334,0-334,HR,68.0,0-613,0-614,0-614,37.5647202,78.7300491,
0,335,0-335,Leaf,,,,,-0.152941182,3.25,
0,336,0-336,Lactate,2.77047515,0-615,0-616,0-616,19.7225952,153.913315,
0,337,0-337,Chloride,103.901733,0-617,0-618,0-618,41.1227417,47.0682449,
0,338,0-338,MAP,61.0,0-619,0-620,0-620,57.4813309,20.4532204,
0,339,0-339,Bilirubin_total,1.52314055,0-621,0-622,0-622,32.9139557,78.3596573,
0,340,0-340,SaO2,93.0095215,0-623,0-624,0-624,24.2699165,14.7553663,
0,341,0-341,Leaf,,,,,-0.120000005,1.5,
0,342,0-342,DBP,73.2775192,0-625,0-626,0-626,2.70618057,18.4585857,
0,343,0-343,O2Sat,97.0427322,0-627,0-628,0-628,32.5528641,16.9064388,
0,344,0-344,ICULOS,240.0,0-629,0-630,0-630,49.3283081,260.688629,
0,345,0-345,O2Sat,94.1875,0-631,0-632,0-632,44.7725868,44.6564407,
0,346,0-346,ICULOS,265.0,0-633,0-634,0-634,10.7909546,117.552147,
0,347,0-347,Magnesium,1.94261742,0-635,0-636,0-636,1.10329437,38.8182449,
0,348,0-348,Leaf,,,,,-0.100000001,1.0,
0,349,0-349,Leaf,,,,,0.162279427,4.30214643,
0,350,0-350,HospAdmTime,-433.899994,0-637,0-638,0-638,15.1009407,16.0521469,
0,351,0-351,Potassium,4.01381207,0-639,0-640,0-640,17.3938217,35.9639511,
0,352,0-352,Leaf,,,,,-0.163636371,4.5,
0,353,0-353,HCO3,23.9944115,0-641,0-642,0-642,27.7295227,51.8021469,
0,354,0-354,HospAdmTime,-0.0199999996,0-643,0-644,0-644,62.9006844,321.564392,
0,355,0-355,DBP,59.8084526,0-645,0-646,0-646,63.4095154,615.729248,
0,356,0-356,DBP,64.5,0-647,0-648,0-648,63.1564865,93.4639511,
0,357,0-357,Leaf,,,,,0.179367453,42.6203918,
0,358,0-358,HR,81.0,0-649,0-650,0-650,52.6198654,32.1618042,
0,359,0-359,MAP,104.0,0-651,0-652,0-652,113.396782,331.486938,
0,360,0-360,PaCO2,40.0569191,0-653,0-654,0-654,74.0630493,1256.91785,
0,361,0-361,HR,86.5,0-655,0-656,0-656,43.550808,46.5053673,
0,362,0-362,pH,7.38273096,0-657,0-658,0-658,83.0114441,177.059021,
0,363,0-363,Potassium,4.5,0-659,0-660,0-660,59.2230225,160.713959,
0,364,0-364,ICULOS,64.0,0-661,0-662,0-662,25.5616951,27.7607327,
0,365,0-365,HR,78.5,0-663,0-664,0-664,150.737259,553.515259,
0,366,0-366,FiO2,0.498919815,0-665,0-666,0-666,68.6229858,239.996155,
0,367,0-367,Alkalinephos,104.741074,0-667,0-668,0-668,144.772308,233.996155,
0,368,0-368,Calcium,7.84845304,0-669,0-670,0-670,84.7483826,53.8703918,
0,369,0-369,MAP,98.0,0-671,0-672,0-672,118.057129,581.911011,
0,370,0-370,Fibrinogen,342.071442,0-673,0-674,0-674,84.9013977,781.466187,
0,371,0-371,Creatinine,1.56003439,0-675,0-676,0-676,46.3629913,82.334343,
0,372,0-372,TroponinI,7.50346136,0-677,0-678,0-678,156.288208,288.132629,
0,373,0-373,Leaf,,,,,0.136529565,2.15107322,
0,374,0-374,Leaf,,,,,-0.191111118,21.5,
0,375,0-375,Chloride,106.331474,0-679,0-680,0-680,80.8524628,272.783722,
0,376,0-376,HospAdmTime,-142.740005,0-681,0-682,0-682,22.9777832,111.397224,
0,377,0-377,Calcium,7.32998371,0-683,0-684,0-684,37.6826172,291.175568,
0,378,0-378,HR,127.0,0-685,0-686,0-686,103.860153,156.303665,
0,379,0-379,pH,7.37032795,0-687,0-688,0-688,102.040466,1429.64319,
0,380,0-380,HospAdmTime,-0.0799999982,0-689,0-690,0-690,124.372643,1006.85651,
0,381,0-381,DBP,43.5,0-691,0-692,0-692,69.9852905,94.8075104,
0,382,0-382,Potassium,4.2616353,0-693,0-694,0-694,84.4653854,627.004517,
0,383,0-383,Bilirubin_total,2.31166673,0-695,0-696,0-696,106.07135,555.177063,
0,384,0-384,TroponinI,7.5632143,0-697,0-698,0-698,102.818115,228.893372,
0,385,0-385,Leaf,,,,,0.071830146,2.90107322,
0,386,0-386,Leaf,,,,,-0.189189181,17.5,
0,387,0-387,DBP,55.1722832,0-699,0-700,0-700,11.189312,4.15107346,
0,388,0-388,Leaf,,,,,0.183747396,17.4585857,
0,389,0-389,HR,105.0,0-701,0-702,0-702,8.21393967,6.30214643,
0,390,0-390,Leaf,,,,,-0.176470593,7.5,
0,391,0-391,Fibrinogen,320.136353,0-703,0-704,0-704,8.97650146,263.920197,
0,392,0-392,Leaf,,,,,-0.100000001,1.0,
0,393,0-393,Leaf,,,,,-0.163636371,4.5,
0,394,0-394,MAP,86.5,0-705,0-706,0-706,15.3480759,67.7768326,
0,395,0-395,HospAdmTime,-395.929993,0-707,0-708,0-708,57.2748108,481.677094,
0,396,0-396,PaCO2,40.833004,0-709,0-710,0-710,93.8075256,78.016098,
0,397,0-397,HospAdmTime,-1.22000003,0-711,0-712,0-712,128.837021,312.699371,
0,398,0-398,Phosphate,3.26173282,0-713,0-714,0-714,165.154663,1438.21924,
0,399,0-399,SaO2,92.353302,0-715,0-716,0-716,52.5599022,68.9746857,
0,400,0-400,Creatinine,1.75222683,0-717,0-718,0-718,81.2091675,2091.44238,
0,401,0-401,HospAdmTime,-3.53999996,0-719,0-720,0-720,131.808014,2782.07031,
0,402,0-402,SaO2,96.3329926,0-721,0-722,0-722,160.096954,88.4064407,
0,403,0-403,Hct,28.9876862,0-723,0-724,0-724,50.106636,98.1779022,
0,404,0-404,Hgb,9.19999981,0-725,0-726,0-726,87.8018646,57.2085876,
0,405,0-405,ICULOS,7.0,0-727,0-728,0-728,26.8283386,542.547485,
0,406,0-406,Leaf,,,,,-0.163636371,4.5,
0,407,0-407,PTT,42.22612,0-729,0-730,0-730,125.575356,2751.29272,
0,408,0-408,PTT,49.0158577,0-731,0-732,0-732,63.0392609,556.862671,
0,409,0-409,Bilirubin_total,2.13811874,0-733,0-734,0-734,42.844635,214.434784,
0,410,0-410,Chloride,106.050522,0-735,0-736,0-736,74.3985519,160.444,
0,411,0-411,Bilirubin_direct,0.597500026,0-737,0-738,0-738,50.2312164,103.595078,
0,412,0-412,Leaf,,,,,-0.167999998,5.25,
0,413,0-413,Magnesium,2.01390457,0-739,0-740,0-740,65.9084473,783.164001,
0,414,0-414,SBP,139.5,0-741,0-742,0-742,92.5529327,1571.14856,
0,415,0-415,SBP,156.0,0-743,0-744,0-744,29.1252136,55.9532204,
0,416,0-416,Chloride,107.210976,0-745,0-746,0-746,31.7639618,23.1564388,
0,417,0-417,Fibrinogen,335.177765,0-747,0-748,0-748,115.270905,900.82428,
0,418,0-418,DBP,63.4600334,0-749,0-750,0-750,42.3943634,42.4171715,
0,419,0-419,Calcium,7.82289076,0-751,0-752,0-752,3.61651611,143.668686,
0,420,0-420,Leaf,,,,,-0.111111119,1.25,
0,421,0-421,Leaf,,,,,-0.179487184,8.75,
0,422,0-422,Hgb,10.4480782,0-753,0-754,0-754,36.2445145,45.4693184,
0,423,0-423,Leaf,,,,,-0.170370385,5.75,
0,424,0-424,Leaf,,,,,0.173165962,6.45321941,
0,425,0-425,FiO2,0.523363769,0-755,0-756,0-756,3.05728149,42.6203918,
0,426,0-426,DBP,54.17519,0-757,0-758,0-758,26.0404377,20.5575123,
0,427,0-427,Leaf,,,,,-0.188405797,16.25,
0,428,0-428,HR,129.0,0-759,0-760,0-760,11.0216293,9.60429287,
0,429,0-429,ICULOS,189.0,0-761,0-762,0-762,40.5967636,71.2193146,
0,430,0-430,Calcium,7.84845304,0-763,0-764,0-764,36.8174133,212.440155,
0,431,0-431,SBP,119.0,0-765,0-766,0-766,52.4598999,191.100449,
0,432,0-432,ICULOS,54.0,0-767,0-768,0-768,61.5921478,308.258392,
0,433,0-433,DBP,75.1623154,0-769,0-770,0-770,53.3220787,50.1671715,
0,434,0-434,Leaf,,,,,-0.188888893,17.0,
0,435,0-435,Alkalinephos,78.1830368,0-771,0-772,0-772,18.8850098,454.245331,
0,436,0-436,ICULOS,212.0,0-773,0-774,0-774,121.342621,34.9585876,
0,437,0-437,Leaf,,,,,-0.111111119,1.25,
0,438,0-438,Leaf,,,,,0.162279427,4.30214643,
0,439,0-439,Lactate,2.29267263,0-775,0-776,0-776,61.4945984,1554.07654,
0,440,0-440,HospAdmTime,-2.94000006,0-777,0-778,0-778,75.8609009,247.449371,
0,441,0-441,PTT,35.8034286,0-779,0-780,0-780,13.8722534,139.262253,
0,442,0-442,Fibrinogen,359.526306,0-781,0-782,0-782,56.6921387,352.675568,
0,443,0-443,MAP,101.0,0-783,0-784,0-784,68.9349289,832.996826,
0,444,0-444,SBP,168.0,0-785,0-786,0-786,19.4330902,73.282196,
0,445,0-445,MAP,78.5,0-787,0-788,0-788,188.651352,2012.7583,
0,446,0-446,ICULOS,91.0,0-789,0-790,0-790,38.5702057,128.798294,
0,447,0-447,TroponinI,11.6904612,0-791,0-792,0-792,59.364502,706.815063,
0,448,0-448,Chloride,106.183098,0-793,0-794,0-794,32.9771423,25.4532204,
0,449,0-449,Chloride,106.092697,0-795,0-796,0-796,130.652802,1478.04431,
0,450,0-450,TroponinI,3.7194016,0-797,0-798,0-798,94.0093994,1333.50293,
0,451,0-451,HR,101.0,0-799,0-800,0-800,50.7033272,63.6096573,
0,452,0-452,DBP,48.0,0-801,0-802,0-802,40.5991364,434.598114,
0,453,0-453,Leaf,,,,,-0.195151523,40.25,
0,454,0-454,Phosphate,3.69547248,0-803,0-804,0-804,126.041435,496.769135,
0,455,0-455,PaCO2,41.64217,0-805,0-806,0-806,40.87323,628.601135,
0,456,0-456,ICULOS,240.0,0-807,0-808,0-808,59.4716721,69.5214615,
0,457,0-457,Leaf,,,,,-0.152941182,3.25,
0,458,0-458,TroponinI,4.00738096,0-809,0-810,0-810,30.5670776,50.2714653,
0,459,0-459,PTT,42.7452698,0-811,0-812,0-812,26.0307274,36.7139511,
0,460,0-460,ICULOS,240.0,0-813,0-814,0-814,68.559021,54.3596573,
0,461,0-461,Leaf,,,,,-0.150000006,3.0,
0,462,0-462,Leaf,,,,,0.173165962,6.45321941,
0,463,0-463,Leaf,,,,,-0.184,11.5,
0,464,0-464,HCO3,24.1993122,0-815,0-816,0-816,7.86693096,11.1042929,
0,465,0-465,SBP,115.0,0-817,0-818,0-818,11.1540833,66.4800491,
0,466,0-466,Leaf,,,,,-0.127272725,1.75,
0,467,0-467,Fibrinogen,289.030762,0-819,0-820,0-820,110.277161,768.979248,
0,468,0-468,HCO3,23.7944679,0-821,0-822,0-822,80.8825684,90.6042938,
0,469,0-469,SBP,87.0,0-823,0-824,0-824,53.6969948,40.3542938,
0,470,0-470,HR,65.25,0-825,0-826,0-826,66.4769287,121.100441,
0,471,0-471,Fibrinogen,320.301575,0-827,0-828,0-828,175.046814,230.850449,
0,472,0-472,ICULOS,25.0,0-829,0-830,0-830,66.3535156,108.595078,
0,473,0-473,HR,79.0,0-831,0-832,0-832,90.0857773,324.335846,
0,474,0-474,SBP,99.0,0-833,0-834,0-834,209.525146,4943.32471,
0,475,0-475,Lactate,2.46164179,0-835,0-836,0-836,28.3301239,74.8811264,
0,476,0-476,SBP,119.0,0-837,0-838,0-838,97.1860428,1229.72302,
0,477,0-477,HCO3,22.7574463,0-839,0-840,0-840,50.2606773,130.334351,
0,478,0-478,BUN,22.1673908,0-841,0-842,0-842,67.3972626,179.620392,
0,479,0-479,O2Sat,98.0454559,0-843,0-844,0-844,29.7189636,107.78756,
0,480,0-480,HR,80.0,0-845,0-846,0-846,54.0530472,353.127258,
0,481,0-481,Bilirubin_total,3.0,0-847,0-848,0-848,100.354889,346.834351,
0,482,0-482,O2Sat,91.5,0-849,0-850,0-850,31.9412403,52.2139511,
0,483,0-483,SOFA,7.0,0-851,0-852,0-852,76.9036255,104.505363,
0,484,0-484,HCO3,24.0347462,0-853,0-854,0-854,68.0483093,30.1618061,
0,485,0-485,Bilirubin_direct,2.9333334,0-855,0-856,0-856,163.698318,287.299805,
0,486,0-486,Lactate,2.61869454,0-857,0-858,0-858,135.303085,218.641861,
0,487,0-487,SBP,111.0,0-859,0-860,0-860,41.0091019,21.8021469,
0,488,0-488,HCO3,24.1956348,0-861,0-862,0-862,66.2458191,34.7139511,
0,489,0-489,Leaf,,,,,0.162279427,4.30214643,
0,490,0-490,AST,386.87616,0-863,0-864,0-864,19.0476074,170.104294,
0,491,0-491,HospAdmTime,-3.43000007,0-865,0-866,0-866,82.744873,557.787537,
0,492,0-492,FiO2,0.446495086,0-867,0-868,0-868,146.93103,681.659485,
0,493,0-493,HR,53.5,0-869,0-870,0-870,74.5973587,205.710098,
0,494,0-494,Alkalinephos,82.5590286,0-871,0-872,0-872,102.682831,980.416321,
0,495,0-495,Leaf,,,,,-0.195180729,40.5,
0,496,0-496,Potassium,3.98471189,0-873,0-874,0-874,60.3351097,193.089706,
0,497,0-497,PTT,39.2959061,0-875,0-876,0-876,85.0654297,1845.65405,
0,498,0-498,ICULOS,38.0,0-877,0-878,0-878,204.932541,292.240784,
0,499,0-499,HCO3,23.9322586,0-879,0-880,0-880,40.1846619,172.575119,
0,500,0-500,TroponinI,11.8207588,0-881,0-882,0-882,87.3727264,141.548294,
0,501,0-501,HospAdmTime,-0.209999993,0-883,0-884,0-884,56.9756546,52.8128777,
0,502,0-502,HR,56.0,0-885,0-886,0-886,12.5106201,41.4010735,
0,503,0-503,DBP,51.7657738,0-887,0-888,0-888,53.2530289,98.9386368,
0,504,0-504,Leaf,,,,,-0.188059703,15.75,
0,505,0-505,Magnesium,1.85000002,0-889,0-890,0-890,39.836441,26.4585857,
0,506,0-506,Bilirubin_total,1.01744187,0-891,0-892,0-892,33.1443787,183.969315,
0,507,0-507,Magnesium,2.03344274,0-893,0-894,0-894,120.90387,993.272156,
0,508,0-508,HospAdmTime,-0.0199999996,0-895,0-896,0-896,97.1259384,1000.98224,
0,509,0-509,pH,7.36093855,0-897,0-898,0-898,42.4200821,78.9118042,
0,510,0-510,AST,138.294113,0-899,0-900,0-900,45.348465,51.3182449,
0,511,0-511,Bilirubin_total,0.994354844,0-901,0-902,0-902,38.3492432,260.10733,
0,512,0-512,TroponinI,8.60984802,0-903,0-904,0-904,142.597412,97.2246857,
0,513,0-513,HospAdmTime,-0.430000007,0-905,0-906,0-906,60.2789612,531.38031,
0,514,0-514,Leaf,,,,,-0.188235298,16.0,
0,515,0-515,Potassium,3.29999995,0-907,0-908,0-908,26.8056488,50.5521469,
0,516,0-516,HR,72.5,0-909,0-910,0-910,16.3520489,12.5053663,
0,517,0-517,Hgb,9.97170448,0-911,0-912,0-912,96.2456055,569.792908,
0,518,0-518,Calcium,7.40733051,0-913,0-914,0-914,253.161316,3162.11548,
0,519,0-519,AST,249.921219,0-915,0-916,0-916,151.790192,205.516098,
0,520,0-520,Alkalinephos,104.014923,0-917,0-918,0-918,165.191498,2678.39771,
0,521,0-521,HR,84.0,0-919,0-920,0-920,44.9317589,70.016098,
0,522,0-522,DBP,46.0,0-921,0-922,0-922,24.58638,47.9010735,
0,523,0-523,ICULOS,24.0,0-923,0-924,0-924,119.116913,102.391853,
0,524,0-524,Bilirubin_direct,0.269166678,0-925,0-926,0-926,143.344162,396.060547,
0,525,0-525,HospAdmTime,-352.76001,0-927,0-928,0-928,60.5170441,57.4118042,
0,526,0-526,ICULOS,14.0,0-929,0-930,0-930,33.5284348,29.3128777,
0,527,0-527,HospAdmTime,-54.1500015,0-931,0-932,0-932,59.1830864,51.6150246,
0,528,0-528,Bilirubin_total,1.05312502,0-933,0-934,0-934,70.7425537,610.605835,
0,529,0-529,Leaf,,,,,-0.172413796,6.25,
0,530,0-530,Leaf,,,,,0.162279427,4.30214643,
0,531,0-531,Leaf,,,,,-0.111111119,1.25,
0,532,0-532,SBP,141.0,0-935,0-936,0-936,11.6521835,25.6618061,
0,533,0-533,Phosphate,3.79308844,0-937,0-938,0-938,42.9861679,77.8811264,
0,534,0-534,HospAdmTime,-0.0900000036,0-939,0-940,0-940,64.2894363,204.111176,
0,535,0-535,ICULOS,6.0,0-941,0-942,0-942,63.3729248,233.251511,
0,536,0-536,Hgb,10.3566122,0-943,0-944,0-944,13.4673576,26.9118061,
0,537,0-537,Potassium,4.80000019,0-945,0-946,0-946,26.174551,65.2714615,
0,538,0-538,ICULOS,14.0,0-947,0-948,0-948,57.0974731,538.168701,
0,539,0-539,DBP,64.3620987,0-949,0-950,0-950,114.53035,440.32663,
0,540,0-540,PaCO2,34.0,0-951,0-952,0-952,48.5334702,128.917175,
0,541,0-541,SBP,105.0,0-953,0-954,0-954,116.488106,102.578979,
0,542,0-542,pH,7.38435221,0-955,0-956,0-956,8.81155396,66.6311264,
0,543,0-543,HospAdmTime,0.0,0-957,0-958,0-958,42.9857674,264.970825,
0,544,0-544,pH,7.32999992,0-959,0-960,0-960,19.7401199,25.3021469,
0,545,0-545,Bilirubin_total,0.946938753,0-961,0-962,0-962,38.17099,20.2553654,
0,546,0-546,Creatinine,1.16321146,0-963,0-964,0-964,16.2407837,88.1886368,
0,547,0-547,ICULOS,6.0,0-965,0-966,0-966,10.9565086,14.4064388,
0,548,0-548,Leaf,,,,,-0.142857149,2.5,
0,549,0-549,MAP,79.5,0-967,0-968,0-968,28.8937054,25.5575123,
0,550,0-550,ICULOS,53.0,0-969,0-970,0-970,15.4622192,107.005363,
0,551,0-551,Leaf,,,,,-0.166666672,5.0,
0,552,0-552,MAP,69.0,0-971,0-972,0-972,12.0632696,11.7032194,
0,553,0-553,HR,62.25,0-973,0-974,0-974,13.4022903,41.5682449,
0,554,0-554,Leaf,,,,,-0.120000005,1.5,
0,555,0-555,HospAdmTime,-14.0299997,0-975,0-976,0-976,43.5007401,89.3236084,
0,556,0-556,SBP,83.0,0-977,0-978,0-978,32.8138275,66.7553635,
0,557,0-557,MAP,114.0,0-979,0-980,0-980,30.5422058,129.656433,
0,558,0-558,HR,84.5,0-981,0-982,0-982,83.0652313,58.6096573,
0,559,0-559,Leaf,,,,,-0.13333334,2.0,
0,560,0-560,PaCO2,39.9857674,0-983,0-984,0-984,4.29754639,25.0107327,
0,561,0-561,Fibrinogen,229.273438,0-985,0-986,0-986,35.9122009,400.848114,
0,562,0-562,Leaf,,,,,-0.167999998,5.25,
0,563,0-563,SBP,123.5,0-987,0-988,0-988,17.2808418,22.2085857,
0,564,0-564,HospAdmTime,-0.0399999991,0-989,0-990,0-990,66.9959259,144.927902,
0,565,0-565,BUN,32.0558281,0-991,0-992,0-992,42.7565079,183.111176,
0,566,0-566,Leaf,,,,,-0.176470593,7.5,
0,567,0-567,PTT,50.9557915,0-993,0-994,0-994,23.9932251,49.4532204,
0,568,0-568,SBP,124.0,0-995,0-996,0-996,88.3450012,259.767609,
0,569,0-569,PaCO2,42.3511963,0-997,0-998,0-998,67.2718506,431.295959,
0,570,0-570,ICULOS,6.0,0-999,0-1000,0-1000,90.3430176,1610.6593,
0,571,0-571,HR,75.5,0-1001,0-1002,0-1002,103.868294,1218.22693,
0,572,0-572,ICULOS,24.0,0-1003,0-1004,0-1004,17.2173767,61.6510735,
0,573,0-573,HospAdmTime,-34.7200012,0-1005,0-1006,0-1006,104.669052,58.4171715,
0,574,0-574,SBP,115.0,0-1007,0-1008,0-1008,25.4239044,66.3289795,
0,575,0-575,DBP,51.0842361,0-1009,0-1010,0-1010,36.1084976,38.4639511,
0,576,0-576,SBP,90.0,0-1011,0-1012,0-1012,22.2558155,10.4010735,
0,577,0-577,O2Sat,96.022728,0-1013,0-1014,0-1014,28.1377316,30.8075123,
0,578,0-578,SBP,146.0,0-1015,0-1016,0-1016,18.451828,52.8021469,
0,579,0-579,Bilirubin_total,2.0407095,0-1017,0-1018,0-1018,124.221619,1153.58264,
0,580,0-580,Potassium,3.91738057,0-1019,0-1020,0-1020,86.4067383,2695.98975,
0,581,0-581,Magnesium,2.5999999,0-1021,0-1022,0-1022,44.8515778,80.7553635,
0,582,0-582,HospAdmTime,-152.210007,0-1023,0-1024,0-1024,40.4694672,45.1096573,
0,583,0-583,ICULOS,183.0,0-1025,0-1026,0-1026,83.3699036,58.6096573,
0,584,0-584,Magnesium,2.08440852,0-1027,0-1028,0-1028,31.373455,63.1725388,
0,585,0-585,HospAdmTime,-56.7700005,0-1029,0-1030,0-1030,19.6087761,25.9064388,
0,586,0-586,ICULOS,58.0,0-1031,0-1032,0-1032,20.7100067,107.292931,
0,587,0-587,Lactate,2.63010383,0-1033,0-1034,0-1034,93.0255432,356.528351,
0,588,0-588,MAP,56.0,0-1035,0-1036,0-1036,49.6788864,815.491455,
0,589,0-589,Potassium,3.79999995,0-1037,0-1038,0-1038,22.2290573,40.6510735,
0,590,0-590,TroponinI,13.5824442,0-1039,0-1040,0-1040,35.2034149,28.7085857,
0,591,0-591,SOFA,7.0,0-1041,0-1042,0-1042,4.12669373,43.1510735,
0,592,0-592,HCO3,24.416851,0-1043,0-1044,0-1044,54.7043114,36.5575142,
0,593,0-593,Leaf,,,,,0.18795751,23.9118061,
0,594,0-594,Leaf,,,,,-0.152941182,3.25,
0,595,0-595,Leaf,,,,,0.173165962,6.45321941,
0,596,0-596,HR,64.0,0-1045,0-1046,0-1046,30.7979431,95.1042938,
0,597,0-597,ICULOS,91.0,0-1047,0-1048,0-1048,120.663597,546.290588,
0,598,0-598,Leaf,,,,,-0.192079216,24.25,
0,599,0-599,HospAdmTime,-29.8299999,0-1049,0-1050,0-1050,31.3888702,33.7032204,
0,600,0-600,SBP,124.0,0-1051,0-1052,0-1052,81.4274597,1019.40479,
0,601,0-601,PTT,38.8753967,0-1053,0-1054,0-1054,15.7230835,68.282196,
0,602,0-602,Leaf,,,,,-0.157894745,3.75,
0,603,0-603,Leaf,,,,,0.160412863,9.10429287,
0,604,0-604,Leaf,,,,,-0.13333334,2.0,
0,605,0-605,Leaf,,,,,0.191890299,23.6618061,
0,606,0-606,Leaf,,,,,0.071830146,2.90107322,
0,607,0-607,Leaf,,,,,-0.161904767,4.25,
0,608,0-608,HR,75.5,0-1055,0-1056,0-1056,25.4990692,84.3289795,
0,609,0-609,ICULOS,212.0,0-1057,0-1058,0-1058,20.5626106,43.9171715,
0,610,0-610,Leaf,,,,,-0.160000011,4.0,
0,611,0-611,ICULOS,204.0,0-1059,0-1060,0-1060,7.20281982,312.592743,
0,612,0-612,SBP,129.0,0-1061,0-1062,0-1062,10.1969614,3.90107322,
0,613,0-613,HR,46.0,0-1063,0-1064,0-1064,20.2767963,8.40107346,
0,614,0-614,FiO2,0.526333332,0-1065,0-1066,0-1066,23.6377563,70.3289795,
0,615,0-615,ICULOS,265.0,0-1067,0-1068,0-1068,63.2331772,99.7875595,
0,616,0-616,Hct,30.0935574,0-1069,0-1070,0-1070,3.58477783,54.1257553,
0,617,0-617,Leaf,,,,,-0.161904767,4.25,
0,618,0-618,DBP,50.4131203,0-1071,0-1072,0-1072,27.5004425,42.8182449,
0,619,0-619,Leaf,,,,,0.149705902,6.95321941,
0,620,0-620,Leaf,,,,,-0.186206907,13.5,
0,621,0-621,DBP,50.4131203,0-1073,0-1074,0-1074,45.8708992,34.8075142,
0,622,0-622,pH,7.37665653,0-1075,0-1076,0-1076,30.9698944,43.5521469,
0,623,0-623,Leaf,,,,,-0.146666676,2.75,
0,624,0-624,HospAdmTime,-7.73999977,0-1077,0-1078,0-1078,3.78245544,12.0053663,
0,625,0-625,Leaf,,,,,0.181603581,15.3075123,
0,626,0-626,HCO3,20.0,0-1079,0-1080,0-1080,6.59695339,3.15107322,
0,627,0-627,O2Sat,96.5595245,0-1081,0-1082,0-1082,1.04302979,13.6564388,
0,628,0-628,Leaf,,,,,-0.152941182,3.25,
0,629,0-629,O2Sat,98.522728,0-1083,0-1084,0-1084,40.2169495,242.032196,
0,630,0-630,MAP,92.6699982,0-1085,0-1086,0-1086,28.5819683,18.6564388,
0,631,0-631,SBP,169.0,0-1087,0-1088,0-1088,1.16813469,7.45321941,
0,632,0-632,SBP,132.5,0-1089,0-1090,0-1090,38.0180435,37.2032204,
0,633,0-633,SBP,116.0,0-1091,0-1092,0-1092,8.04046631,111.90107,
0,634,0-634,SBP,150.0,0-1093,0-1094,0-1094,10.8922453,5.65107346,
0,635,0-635,Leaf,,,,,0.071830146,2.90107322,
0,636,0-636,HospAdmTime,-0.0299999993,0-1095,0-1096,0-1096,3.41269684,35.9171715,
0,637,0-637,Leaf,,,,,0.111792557,2.40107322,
0,638,0-638,DBP,60.0623322,0-1097,0-1098,0-1098,14.2311001,13.6510735,
0,639,0-639,Leaf,,,,,-0.13333334,2.0,
0,640,0-640,ICULOS,94.0,0-1099,0-1100,0-1100,5.79544449,33.9639511,
0,641,0-641,Lactate,2.27364874,0-1101,0-1102,0-1102,21.8071537,8.55214691,
0,642,0-642,Leaf,,,,,-0.195480227,43.25,
0,643,0-643,PTT,39.1110153,0-1103,0-1104,0-1104,51.5657959,186.496155,
0,644,0-644,ICULOS,189.0,0-1105,0-1106,0-1106,77.8575592,135.068237,
0,645,0-645,HCO3,23.2252254,0-1107,0-1108,0-1108,55.6370544,84.516098,
0,646,0-646,FiO2,0.491285712,0-1109,0-1110,0-1110,57.9575424,531.213135,
0,647,0-647,Leaf,,,,,-0.193750009,31.0,
0,648,0-648,DBP,70.6134644,0-1111,0-1112,0-1112,39.4090996,62.4639511,
0,649,0-649,Leaf,,,,,-0.169230774,5.5,
0,650,0-650,ICULOS,71.0,0-1113,0-1114,0-1114,20.2599945,26.6618061,
0,651,0-651,ICULOS,96.0,0-1115,0-1116,0-1116,106.063477,200.740784,
0,652,0-652,Bilirubin_direct,2.04418182,0-1117,0-1118,0-1118,57.3060989,130.746155,
0,653,0-653,HCO3,24.1993122,0-1119,0-1120,0-1120,72.0831375,324.77298,
0,654,0-654,SBP,130.5,0-1121,0-1122,0-1122,80.1986694,932.144897,
0,655,0-655,Leaf,,,,,-0.192307696,25.0,
0,656,0-656,MAP,91.5,0-1123,0-1124,0-1124,39.2872887,21.5053654,
0,657,0-657,HCO3,23.4948425,0-1125,0-1126,0-1126,25.5738716,16.6510735,
0,658,0-658,HospAdmTime,-0.00999999978,0-1127,0-1128,0-1128,55.3944244,160.407959,
0,659,0-659,HospAdmTime,-433.899994,0-1129,0-1130,0-1130,54.0739441,148.609665,
0,660,0-660,HCO3,24.4466667,0-1131,0-1132,0-1132,21.0021248,12.1042929,
0,661,0-661,Leaf,,,,,-0.146666676,2.75,
0,662,0-662,SBP,121.5,0-1133,0-1134,0-1134,12.8224564,25.0107327,
0,663,0-663,Hct,34.1100121,0-1135,0-1136,0-1136,65.1258469,209.595078,
0,664,0-664,Bilirubin_direct,2.90916657,0-1137,0-1138,0-1138,69.0732269,343.920197,
0,665,0-665,HospAdmTime,-0.00999999978,0-1139,0-1140,0-1140,52.2565689,136.318237,
0,666,0-666,DBP,70.6134644,0-1141,0-1142,0-1142,44.2568855,103.677902,
0,667,0-667,Alkalinephos,81.5539246,0-1143,0-1144,0-1144,104.029991,157.141861,
0,668,0-668,HospAdmTime,-43.6300011,0-1145,0-1146,0-1146,62.678894,76.8542938,
0,669,0-669,Leaf,,,,,-0.178378388,8.25,
0,670,0-670,SaO2,96.1585236,0-1147,0-1148,0-1148,22.023735,45.6203918,
0,671,0-671,ICULOS,111.0,0-1149,0-1150,0-1150,79.0890961,333.258392,
0,672,0-672,ICULOS,189.0,0-1151,0-1152,0-1152,41.7264481,248.652588,
0,673,0-673,Lactate,1.80359995,0-1153,0-1154,0-1154,50.9524841,754.762939,
0,674,0-674,HCO3,24.4175873,0-1155,0-1156,0-1156,42.4711533,26.7032204,
0,675,0-675,O2Sat,94.1875,0-1157,0-1158,0-1158,32.1046295,78.084343,
0,676,0-676,Leaf,,,,,-0.161904767,4.25,
0,677,0-677,MAP,57.0,0-1159,0-1160,0-1160,80.7335052,120.521461,
0,678,0-678,HR,97.0,0-1161,0-1162,0-1162,57.8953857,167.611176,
0,679,0-679,HospAdmTime,-183.360001,0-1163,0-1164,0-1164,89.5904388,253.632645,
0,680,0-680,ICULOS,4.0,0-1165,0-1166,0-1166,19.47715,19.1510735,
0,681,0-681,FiO2,0.446495086,0-1167,0-1168,0-1168,10.9955139,93.1418533,
0,682,0-682,Magnesium,2.10445547,0-1169,0-1170,0-1170,20.548975,18.2553654,
0,683,0-683,DBP,55.1722832,0-1171,0-1172,0-1172,22.4391785,17.1042938,
0,684,0-684,HR,142.0,0-1173,0-1174,0-1174,25.6905518,274.071259,
0,685,0-685,Alkalinephos,118.117859,0-1175,0-1176,0-1176,57.2534485,138.152588,
0,686,0-686,HospAdmTime,-136.350006,0-1177,0-1178,0-1178,13.3346748,18.1510735,
0,687,0-687,HospAdmTime,-5.42999983,0-1179,0-1180,0-1180,94.4878235,691.538269,
0,688,0-688,HospAdmTime,-97.6399994,0-1181,0-1182,0-1182,90.3233337,738.10498,
0,689,0-689,Fibrinogen,305.535706,0-1183,0-1184,0-1184,118.394699,753.572815,
0,690,0-690,Fibrinogen,334.136353,0-1185,0-1186,0-1186,167.041534,253.283707,
0,691,0-691,HospAdmTime,-20.0699997,0-1187,0-1188,0-1188,26.429718,11.6042929,
0,692,0-692,ICULOS,48.0,0-1189,0-1190,0-1190,20.9808807,83.2032166,
0,693,0-693,FiO2,0.524778247,0-1191,0-1192,0-1192,98.0819016,472.654114,
0,694,0-694,HospAdmTime,-8.43000031,0-1193,0-1194,0-1194,108.021286,154.350449,
0,695,0-695,Potassium,4.05016708,0-1195,0-1196,0-1196,53.7871399,474.562042,
0,696,0-696,MAP,58.4444427,0-1197,0-1198,0-1198,89.8170319,80.6150284,
0,697,0-697,Bilirubin_direct,0.793333352,0-1199,0-1200,0-1200,35.1426392,190.184784,
0,698,0-698,PTT,47.7999992,0-1201,0-1202,0-1202,28.7860317,38.7085876,
0,699,0-699,Leaf,,,,,-0.13333334,2.0,
0,700,0-700,Leaf,,,,,0.136529565,2.15107322,
0,701,0-701,Leaf,,,,,-0.111111119,1.25,
0,702,0-702,Leaf,,,,,0.117384687,5.05214643,
0,703,0-703,Lactate,2.99882984,0-1203,0-1204,0-1204,1.45266724,152.77298,
0,704,0-704,SBP,91.0,0-1205,0-1206,0-1206,50.7197571,111.147224,
0,705,0-705,AST,228.6129,0-1207,0-1208,0-1208,7.81690216,66.0268326,
0,706,0-706,Leaf,,,,,-0.127272725,1.75,
0,707,0-707,BUN,19.1144371,0-1209,0-1210,0-1210,38.1591187,99.3450775,
0,708,0-708,Magnesium,1.98482144,0-1211,0-1212,0-1212,92.1712494,382.332001,
0,709,0-709,HospAdmTime,-1.07000005,0-1213,0-1214,0-1214,28.2960434,30.9010735,
0,710,0-710,Calcium,7.00294113,0-1215,0-1216,0-1216,40.9754906,47.1150246,
0,711,0-711,FiO2,0.511721134,0-1217,0-1218,0-1218,91.4100494,287.938629,
0,712,0-712,Lactate,3.53896785,0-1219,0-1220,0-1220,33.027771,24.7607327,
0,713,0-713,FiO2,0.526454449,0-1221,0-1222,0-1222,73.3277893,125.615028,
0,714,0-714,BUN,27.7604618,0-1223,0-1224,0-1224,88.4039612,1312.60413,
0,715,0-715,Leaf,,,,,-0.172413796,6.25,
0,716,0-716,SaO2,95.6276245,0-1225,0-1226,0-1226,20.1816025,62.7246857,
0,717,0-717,O2Sat,100.0,0-1227,0-1228,0-1228,133.414307,1702.40869,
0,718,0-718,SBP,97.0,0-1229,0-1230,0-1230,101.009171,389.033722,
0,719,0-719,HospAdmTime,-545.789978,0-1231,0-1232,0-1232,128.176376,2461.87476,
0,720,0-720,HospAdmTime,-3.28999996,0-1233,0-1234,0-1234,86.5734711,320.195526,
0,721,0-721,Leaf,,,,,-0.197359741,74.75,
0,722,0-722,pH,7.37032795,0-1235,0-1236,0-1236,1.04302979,13.6564388,
0,723,0-723,Alkalinephos,71.6101685,0-1237,0-1238,0-1238,51.1924629,41.8075142,
0,724,0-724,MAP,62.0,0-1239,0-1240,0-1240,39.783123,56.3703918,
0,725,0-725,ICULOS,35.0,0-1241,0-1242,0-1242,30.4881134,27.2085857,
0,726,0-726,Leaf,,,,,-0.193548381,30.0,
0,727,0-727,Lactate,3.05467033,0-1243,0-1244,0-1244,56.9647751,66.7193146,
0,728,0-728,Bilirubin_direct,0.509374976,0-1245,0-1246,0-1246,37.603302,475.828156,
0,729,0-729,HospAdmTime,0.0,0-1247,0-1248,0-1248,100.134644,2588.9314,
0,730,0-730,FiO2,0.556701362,0-1249,0-1250,0-1250,21.4721832,162.361176,
0,731,0-731,HCO3,24.4755154,0-1251,0-1252,0-1252,47.5241394,517.648743,
0,732,0-732,BUN,22.699276,0-1253,0-1254,0-1254,42.4375038,39.2139511,
0,733,0-733,Bilirubin_direct,0.155555561,0-1255,0-1256,0-1256,24.118042,157.517609,
0,734,0-734,pH,7.38836622,0-1257,0-1258,0-1258,35.4966354,56.9171715,
0,735,0-735,SBP,165.0,0-1259,0-1260,0-1260,43.8542404,41.5053673,
0,736,0-736,TroponinI,2.58676481,0-1261,0-1262,0-1262,49.6457329,118.938637,
0,737,0-737,Leaf,,,,,-0.161904767,4.25,
0,738,0-738,Calcium,6.57024527,0-1263,0-1264,0-1264,20.8111267,99.3450775,
0,739,0-739,Creatinine,0.600000024,0-1265,0-1266,0-1266,36.9423523,537.094238,
0,740,0-740,SBP,107.5,0-1267,0-1268,0-1268,90.0257416,246.069763,
0,741,0-741,HospAdmTime,-25.2299995,0-1269,0-1270,0-1270,75.9379272,1116.84729,
0,742,0-742,Alkalinephos,102.658539,0-1271,0-1272,0-1272,72.5922699,454.301331,
0,743,0-743,Calcium,6.91512489,0-1273,0-1274,0-1274,22.6463928,48.6510735,
0,744,0-744,HospAdmTime,-23.6100006,0-1275,0-1276,0-1276,13.7531824,7.30214643,
0,745,0-745,Potassium,5.4000001,0-1277,0-1278,0-1278,22.0466995,10.1510735,
0,746,0-746,Lactate,2.71458507,0-1279,0-1280,0-1280,18.1205482,13.0053663,
0,747,0-747,HospAdmTime,-3.77999997,0-1281,0-1282,0-1282,74.0840912,825.766785,
0,748,0-748,HospAdmTime,-10.8999996,0-1283,0-1284,0-1284,67.8864059,75.0575104,
0,749,0-749,Leaf,,,,,-0.160000011,4.0,
0,750,0-750,HospAdmTime,-4.57999992,0-1285,0-1286,0-1286,15.1029892,38.4171715,
0,751,0-751,Fibrinogen,332.424255,0-1287,0-1288,0-1288,2.70654297,137.866547,
0,752,0-752,BUN,33.6268921,0-1289,0-1290,0-1290,12.9456177,5.80214643,
0,753,0-753,DBP,76.5440674,0-1291,0-1292,0-1292,1.21756744,38.5682449,
0,754,0-754,FiO2,0.800000012,0-1293,0-1294,0-1294,18.1498604,6.90107346,
0,755,0-755,O2Sat,94.1875,0-1295,0-1296,0-1296,13.9670753,8.20321941,
0,756,0-756,Leaf,,,,,0.194353029,34.4171715,
0,757,0-757,Leaf,,,,,-0.150000006,3.0,
0,758,0-758,Chloride,106.909721,0-1297,0-1298,0-1298,3.24049377,17.5575123,
0,759,0-759,Leaf,,,,,-0.100000001,1.0,
0,760,0-760,Leaf,,,,,0.179175973,8.60429287,
0,761,0-761,HospAdmTime,-20.0699997,0-1299,0-1300,0-1300,47.6723213,57.5628777,
0,762,0-762,HR,105.0,0-1301,0-1302,0-1302,1.04302979,13.6564388,
0,763,0-763,ICULOS,51.0,0-1303,0-1304,0-1304,21.9604187,201.638,
0,764,0-764,Magnesium,2.0302372,0-1305,0-1306,0-1306,28.9004345,10.8021469,
0,765,0-765,HospAdmTime,-90.3700027,0-1307,0-1308,0-1308,29.1139603,94.1311264,
0,766,0-766,ICULOS,240.0,0-1309,0-1310,0-1310,108.979164,96.9693146,
0,767,0-767,Leaf,,,,,-0.177777782,8.0,
0,768,0-768,Potassium,4.30918884,0-1311,0-1312,0-1312,44.0222321,300.258392,
0,769,0-769,HR,110.5,0-1313,0-1314,0-1314,54.3166046,18.7032204,
0,770,0-770,Hct,32.0263672,0-1315,0-1316,0-1316,20.2061157,31.4639511,
0,771,0-771,ICULOS,62.0,0-1317,0-1318,0-1318,74.9617004,80.4800491,
0,772,0-772,HCO3,28.0,0-1319,0-1320,0-1320,13.5039673,373.765289,
0,773,0-773,Leaf,,,,,-0.188888893,17.0,
0,774,0-774,SBP,102.727272,0-1321,0-1322,0-1322,1.33893585,17.9585857,
0,775,0-775,Hct,29.3218136,0-1323,0-1324,0-1324,40.3628845,463.759918,
0,776,0-776,FiO2,0.565542698,0-1325,0-1326,0-1326,70.3891754,1090.31665,
0,777,0-777,BUN,23.4354305,0-1327,0-1328,0-1328,62.3802643,113.131126,
0,778,0-778,HR,101.079544,0-1329,0-1330,0-1330,50.9946518,134.318237,
0,779,0-779,Leaf,,,,,-0.111111119,1.25,
0,780,0-780,HR,142.0,0-1331,0-1332,0-1332,7.81890869,138.012253,
0,781,0-781,ICULOS,68.0,0-1333,0-1334,0-1334,51.4510803,345.425568,
0,782,0-782,Leaf,,,,,-0.175757572,7.25,
0,783,0-783,HospAdmTime,-0.0199999996,0-1335,0-1336,0-1336,55.66539,702.068909,
0,784,0-784,ICULOS,80.0,0-1337,0-1338,0-1338,60.6096954,130.927902,
0,785,0-785,Alkalinephos,78.0515442,0-1339,0-1340,0-1340,14.1374664,71.532196,
0,786,0-786,Leaf,,,,,-0.127272725,1.75,
0,787,0-787,HospAdmTime,-352.76001,0-1341,0-1342,0-1342,103.61496,661.536743,
0,788,0-788,pH,7.35002184,0-1343,0-1344,0-1344,146.984146,1351.22156,
0,789,0-789,HCO3,24.1273403,0-1345,0-1346,0-1346,49.2474747,80.3757553,
0,790,0-790,DBP,64.3620987,0-1347,0-1348,0-1348,4.75396729,48.4225388,
0,791,0-791,Alkalinephos,125.34259,0-1349,0-1350,0-1350,44.3812561,557.698547,
0,792,0-792,Lactate,1.10000002,0-1351,0-1352,0-1352,15.2278442,149.116547,
0,793,0-793,ICULOS,196.0,0-1353,0-1354,0-1354,15.1483345,20.4010735,
0,794,0-794,Leaf,,,,,0.117384687,5.05214643,
0,795,0-795,Fibrinogen,309.434784,0-1355,0-1356,0-1356,112.64798,1121.51062,
0,796,0-796,HospAdmTime,-0.0299999993,0-1357,0-1358,0-1358,116.719147,356.533722,
0,797,0-797,BUN,25.0730972,0-1359,0-1360,0-1360,24.4672852,100.996147,
0,798,0-798,Lactate,2.96138954,0-1361,0-1362,0-1362,74.7173462,1232.50671,
0,799,0-799,MAP,68.6666641,0-1363,0-1364,0-1364,25.3069439,32.7085876,
0,800,0-800,HCO3,20.0,0-1365,0-1366,0-1366,25.673996,30.9010735,
0,801,0-801,O2Sat,95.0434799,0-1367,0-1368,0-1368,14.6882782,44.6203918,
0,802,0-802,HospAdmTime,-236.600006,0-1369,0-1370,0-1370,50.5827942,389.977722,
0,803,0-803,ICULOS,117.0,0-1371,0-1372,0-1372,25.1048737,114.990784,
0,804,0-804,HR,124.0,0-1373,0-1374,0-1374,117.205086,381.778351,
0,805,0-805,HR,98.6666641,0-1375,0-1376,0-1376,22.8532104,331.842743,
0,806,0-806,MAP,122.0,0-1377,0-1378,0-1378,42.3727112,296.758392,
0,807,0-807,Chloride,97.0,0-1379,0-1380,0-1380,24.5722923,14.1510735,
0,808,0-808,HR,122.5,0-1381,0-1382,0-1382,20.3147125,55.3703918,
0,809,0-809,Leaf,,,,,-0.146666676,2.75,
0,810,0-810,DBP,72.6271133,0-1383,0-1384,0-1384,11.1432724,47.5214653,
0,811,0-811,Alkalinephos,110.632072,0-1385,0-1386,0-1386,28.8882408,29.8128777,
0,812,0-812,HospAdmTime,-48.0999985,0-1387,0-1388,0-1388,15.5582943,6.90107346,
0,813,0-813,Leaf,,,,,-0.191111118,21.5,
0,814,0-814,MAP,80.5,0-1389,0-1390,0-1390,45.071167,32.8596573,
0,815,0-815,O2Sat,93.5,0-1391,0-1392,0-1392,4.53340912,10.1042929,
0,816,0-816,Leaf,,,,,-0.100000001,1.0,
0,817,0-817,Leaf,,,,,-0.100000001,1.0,
0,818,0-818,Calcium,6.64289856,0-1393,0-1394,0-1394,0.742614746,65.4800491,
0,819,0-819,Leaf,,,,,-0.0713135228,227.88649,
0,820,0-820,Leaf,,,,,0.0114713721,541.092712,
0,821,0-821,Leaf,,,,,0.0727001131,12.3542929,
0,822,0-822,Leaf,,,,,-0.197476342,78.25,
0,823,0-823,Leaf,,,,,0.110646665,7.95321941,
0,824,0-824,Leaf,,,,,-0.168251649,32.4010735,
0,825,0-825,Leaf,,,,,-0.171428576,6.0,
0,826,0-826,Leaf,,,,,0.150043264,115.100441,
0,827,0-827,Leaf,,,,,-0.0919721723,144.219315,
0,828,0-828,Leaf,,,,,0.0870264396,86.6311264,
0,829,0-829,Leaf,,,,,0.150769874,102.595078,
0,830,0-830,Leaf,,,,,-0.171428576,6.0,
0,831,0-831,Leaf,,,,,-0.0702272356,93.3650284,
0,832,0-832,Leaf,,,,,0.0456702523,230.970825,
0,833,0-833,Leaf,,,,,-0.0281472392,821.276001,
0,834,0-834,Leaf,,,,,-0.0835037977,4122.04883,
0,835,0-835,Leaf,,,,,0.163196445,58.7768288,
0,836,0-836,Leaf,,,,,0.0129124643,16.1042938,
0,837,0-837,Leaf,,,,,-0.00771239121,863.657104,
0,838,0-838,Leaf,,,,,0.0537047461,366.065918,
0,839,0-839,Leaf,,,,,0.0610341802,78.8757553,
0,840,0-840,Leaf,,,,,-0.0649709255,51.4585876,
0,841,0-841,Leaf,,,,,-0.126390725,165.365021,
0,842,0-842,Leaf,,,,,0.0951188728,14.2553663,
0,843,0-843,Leaf,,,,,0.111515835,76.9800491,
0,844,0-844,Leaf,,,,,-0.00435423851,30.8075123,
0,845,0-845,Leaf,,,,,-0.0843243077,104.865028,
0,846,0-846,Leaf,,,,,0.00101278606,248.262253,
0,847,0-847,Leaf,,,,,0.0362887792,36.2607307,
0,848,0-848,Leaf,,,,,-0.138603777,310.573608,
0,849,0-849,Leaf,,,,,0.179175973,8.60429287,
0,850,0-850,Leaf,,,,,-0.0219250321,43.6096573,
0,851,0-851,Leaf,,,,,-0.197681174,85.25,
0,852,0-852,Leaf,,,,,0.0222693197,19.2553654,
0,853,0-853,Leaf,,,,,-0.171428576,6.0,
0,854,0-854,Leaf,,,,,0.184102893,24.1618061,
0,855,0-855,Leaf,,,,,0.101863362,261.898743,
0,856,0-856,Leaf,,,,,-0.159833863,25.4010735,
0,857,0-857,Leaf,,,,,-0.169655725,62.3021469,
0,858,0-858,Leaf,,,,,0.00360965333,156.339706,
0,859,0-859,Leaf,,,,,0.117384687,5.05214643,
0,860,0-860,Leaf,,,,,-0.188732401,16.75,
0,861,0-861,Leaf,,,,,-0.170370385,5.75,
0,862,0-862,Leaf,,,,,0.179975942,28.9639511,
0,863,0-863,Leaf,,,,,-0.198449612,128.0,
0,864,0-864,Leaf,,,,,-0.115513816,42.1042938,
0,865,0-865,Leaf,,,,,-0.157515481,510.026825,
0,866,0-866,Leaf,,,,,-0.0194388703,47.7607307,
0,867,0-867,Leaf,,,,,0.0740583166,62.5214653,
0,868,0-868,Leaf,,,,,-0.0859041065,619.138,
0,869,0-869,Leaf,,,,,0.179975942,28.9639511,
0,870,0-870,Leaf,,,,,0.00927856844,176.746155,
0,871,0-871,Leaf,,,,,0.0318146795,100.078979,
0,872,0-872,Leaf,,,,,-0.0748096332,880.337402,
0,873,0-873,Leaf,,,,,-0.190909088,21.0,
0,874,0-874,Leaf,,,,,-0.0149174575,172.089706,
0,875,0-875,Leaf,,,,,-0.137632757,1147.28906,
0,876,0-876,Leaf,,,,,-0.182489812,698.365051,
0,877,0-877,Leaf,,,,,-0.13634561,218.417175,
0,878,0-878,Leaf,,,,,0.0556605347,73.8236084,
0,879,0-879,Leaf,,,,,-0.155555561,3.5,
0,880,0-880,Leaf,,,,,0.155313864,169.075119,
0,881,0-881,Leaf,,,,,0.0964190662,130.298294,
0,882,0-882,Leaf,,,,,-0.183673471,11.25,
0,883,0-883,Leaf,,,,,-0.184905663,12.25,
0,884,0-884,Leaf,,,,,0.0532344244,40.5628777,
0,885,0-885,Leaf,,,,,-0.0202989113,4.90107346,
0,886,0-886,Leaf,,,,,-0.194666669,36.5,
0,887,0-887,Leaf,,,,,-0.169230774,5.5,
0,888,0-888,Leaf,,,,,0.130113348,93.4386368,
0,889,0-889,Leaf,,,,,-0.167999998,5.25,
0,890,0-890,Leaf,,,,,0.118950263,21.2085857,
0,891,0-891,Leaf,,,,,-0.0820536911,117.417175,
0,892,0-892,Leaf,,,,,-0.171564803,66.5521469,
0,893,0-893,Leaf,,,,,-0.00418981165,812.948547,
0,894,0-894,Leaf,,,,,-0.0945010856,180.323608,
0,895,0-895,Leaf,,,,,-0.0131772133,386.940155,
0,896,0-896,Leaf,,,,,0.0507419296,614.042114,
0,897,0-897,Leaf,,,,,0.139048323,7.20321941,
0,898,0-898,Leaf,,,,,-0.102577746,71.7085876,
0,899,0-899,Leaf,,,,,0.148739889,34.1150246,
0,900,0-900,Leaf,,,,,-0.047209017,17.2032204,
0,901,0-901,Leaf,,,,,-0.157894745,3.75,
0,902,0-902,Leaf,,,,,0.135109678,256.35733,
0,903,0-903,Leaf,,,,,0.0767734274,71.2246857,
0,904,0-904,Leaf,,,,,-0.192592606,26.0,
0,905,0-905,Leaf,,,,,-0.178947374,8.5,
0,906,0-906,Leaf,,,,,0.0763076246,522.88031,
0,907,0-907,Leaf,,,,,0.136529565,2.15107322,
0,908,0-908,Leaf,,,,,-0.178534284,48.4010735,
0,909,0-909,Leaf,,,,,-0.120000005,1.5,
0,910,0-910,Leaf,,,,,0.175011173,11.0053663,
0,911,0-911,Leaf,,,,,0.00710753305,41.5107307,
0,912,0-912,Leaf,,,,,-0.150852546,528.282227,
0,913,0-913,Leaf,,,,,0.0803966895,128.595078,
0,914,0-914,Leaf,,,,,-0.0624137819,3033.52051,
0,915,0-915,Leaf,,,,,0.0224584881,46.3128777,
0,916,0-916,Leaf,,,,,-0.182639003,159.203217,
0,917,0-917,Leaf,,,,,-0.0405482464,1656.87952,
0,918,0-918,Leaf,,,,,0.0105657382,1021.51831,
0,919,0-919,Leaf,,,,,0.0327473953,51.6150246,
0,920,0-920,Leaf,,,,,-0.145341724,18.4010735,
0,921,0-921,Leaf,,,,,0.0904431716,2.65107322,
0,922,0-922,Leaf,,,,,-0.195675671,45.25,
0,923,0-923,Leaf,,,,,-0.100484721,18.3021469,
0,924,0-924,Leaf,,,,,0.176495403,84.0897064,
0,925,0-925,Leaf,,,,,-0.122047998,56.7553673,
0,926,0-926,Leaf,,,,,0.0483713932,339.305176,
0,927,0-927,Leaf,,,,,0.031980399,40.6618042,
0,928,0-928,Leaf,,,,,-0.188732401,16.75,
0,929,0-929,Leaf,,,,,-0.146666676,2.75,
0,930,0-930,Leaf,,,,,0.181859657,26.5628777,
0,931,0-931,Leaf,,,,,-0.180952385,9.5,
0,932,0-932,Leaf,,,,,0.0840311497,42.1150246,
0,933,0-933,Leaf,,,,,-0.132770345,590.699341,
0,934,0-934,Leaf,,,,,0.0565035418,19.9064388,
0,935,0-935,Leaf,,,,,0.176618949,24.6618061,
0,936,0-936,Leaf,,,,,-0.100000001,1.0,
0,937,0-937,Leaf,,,,,0.168648973,53.2246857,
0,938,0-938,Leaf,,,,,0.00901480764,24.6564388,
0,939,0-939,Leaf,,,,,0.00209974474,140.485413,
0,940,0-940,Leaf,,,,,0.122631468,63.6257553,
0,941,0-941,Leaf,,,,,-0.0840736926,97.2139511,
0,942,0-942,Leaf,,,,,0.0212169029,136.037567,
0,943,0-943,Leaf,,,,,-0.111111119,1.25,
0,944,0-944,Leaf,,,,,0.162493154,25.6618061,
0,945,0-945,Leaf,,,,,0.0795596018,61.2714653,
0,946,0-946,Leaf,,,,,-0.160000011,4.0,
0,947,0-947,Leaf,,,,,-0.0344825946,114.573608,
0,948,0-948,Leaf,,,,,-0.11441721,423.595062,
0,949,0-949,Leaf,,,,,0.0438389741,412.675568,
0,950,0-950,Leaf,,,,,-0.162988156,27.6510735,
0,951,0-951,Leaf,,,,,0.149705902,6.95321941,
0,952,0-952,Leaf,,,,,-0.107407168,121.963951,
0,953,0-953,Leaf,,,,,0.146925345,44.2193184,
0,954,0-954,Leaf,,,,,-0.0661740378,58.3596573,
0,955,0-955,Leaf,,,,,0.0833074674,11.8542929,
0,956,0-956,Leaf,,,,,0.18924284,54.7768288,
0,957,0-957,Leaf,,,,,0.0330767147,217.663315,
0,958,0-958,Leaf,,,,,-0.0711793527,47.3075142,
0,959,0-959,Leaf,,,,,0.111792557,2.40107322,
0,960,0-960,Leaf,,,,,-0.15563257,22.9010735,
0,961,0-961,Leaf,,,,,0.151710853,9.35429287,
0,962,0-962,Leaf,,,,,-0.110896342,10.9010735,
0,963,0-963,Leaf,,,,,-0.120000005,1.5,
0,964,0-964,Leaf,,,,,0.155524462,86.6886368,
0,965,0-965,Leaf,,,,,-0.100000001,1.0,
0,966,0-966,Leaf,,,,,0.17223464,13.4064388,
0,967,0-967,Leaf,,,,,-0.0656943843,13.3021469,
0,968,0-968,Leaf,,,,,0.139647081,12.2553663,
0,969,0-969,Leaf,,,,,-0.165185779,103.604294,
0,970,0-970,Leaf,,,,,0.0409478843,3.40107322,
0,971,0-971,Leaf,,,,,-0.142857149,2.5,
0,972,0-972,Leaf,,,,,0.072589241,9.20321941,
0,973,0-973,Leaf,,,,,-0.111111119,1.25,
0,974,0-974,Leaf,,,,,0.15885596,40.3182449,
0,975,0-975,Leaf,,,,,-0.0299744811,65.9639511,
0,976,0-976,Leaf,,,,,0.126107335,23.3596592,
0,977,0-977,Leaf,,,,,0.0823900625,5.80214643,
0,978,0-978,Leaf,,,,,-0.155106649,60.9532204,
0,979,0-979,Leaf,,,,,-0.170537293,122.604294,
0,980,0-980,Leaf,,,,,0.0385523662,7.05214643,
0,981,0-981,Leaf,,,,,-0.168948874,33.1510735,
0,982,0-982,Leaf,,,,,0.0677177981,25.4585857,
0,983,0-983,Leaf,,,,,0.178808242,13.1564388,
0,984,0-984,Leaf,,,,,0.0833074674,11.8542929,
0,985,0-985,Leaf,,,,,-0.0633049756,13.0521469,
0,986,0-986,Leaf,,,,,0.101490751,387.795959,
0,987,0-987,Leaf,,,,,0.154435456,16.5575123,
0,988,0-988,Leaf,,,,,-0.0405626819,5.65107346,
0,989,0-989,Leaf,,,,,-0.108846188,76.7085876,
0,990,0-990,Leaf,,,,,0.0266379919,68.2193146,
0,991,0-991,Leaf,,,,,0.0245933142,103.328979,
0,992,0-992,Leaf,,,,,0.122012518,79.782196,
0,993,0-993,Leaf,,,,,-0.16023244,47.3021469,
0,994,0-994,Leaf,,,,,0.136529565,2.15107322,
0,995,0-995,Leaf,,,,,0.0284738094,233.366547,
0,996,0-996,Leaf,,,,,-0.16129972,26.4010735,
0,997,0-997,Leaf,,,,,0.082438454,398.790588,
0,998,0-998,Leaf,,,,,-0.0656290948,32.5053673,
0,999,0-999,Leaf,,,,,-0.0205972455,302.267609,
0,1000,0-1000,Leaf,,,,,0.0400020443,1308.39172,
0,1001,0-1001,Leaf,,,,,-0.0450356975,649.925537,
0,1002,0-1002,Leaf,,,,,0.0134555539,568.301331,
0,1003,0-1003,Leaf,,,,,0.01636675,3.90107322,
0,1004,0-1004,Leaf,,,,,-0.196595743,57.75,
0,1005,0-1005,Leaf,,,,,0.11268755,43.6671715,
0,1006,0-1006,Leaf,,,,,-0.187301591,14.75,
0,1007,0-1007,Leaf,,,,,0.160048544,64.0789795,
0,1008,0-1008,Leaf,,,,,-0.138461545,2.25,
0,1009,0-1009,Leaf,,,,,-0.0872012526,8.40107346,
0,1010,0-1010,Leaf,,,,,0.138833746,30.0628777,
0,1011,0-1011,Leaf,,,,,0.136529565,2.15107322,
0,1012,0-1012,Leaf,,,,,-0.178378388,8.25,
0,1013,0-1013,Leaf,,,,,0.0951188728,14.2553663,
0,1014,0-1014,Leaf,,,,,-0.0905627534,16.5521469,
0,1015,0-1015,Leaf,,,,,-0.179064035,49.6510735,
0,1016,0-1016,Leaf,,,,,0.0554590635,3.15107322,
0,1017,0-1017,Leaf,,,,,0.0125996592,874.131836,
0,1018,0-1018,Leaf,,,,,0.0891071483,279.450897,
0,1019,0-1019,Leaf,,,,,0.114049911,311.972351,
0,1020,0-1020,Leaf,,,,,0.0580303855,2384.01733,
0,1021,0-1021,Leaf,,,,,-0.16385743,75.9532166,
0,1022,0-1022,Leaf,,,,,0.131059989,4.80214643,
0,1023,0-1023,Leaf,,,,,0.0874383301,17.6564388,
0,1024,0-1024,Leaf,,,,,-0.102250509,27.4532204,
0,1025,0-1025,Leaf,,,,,-0.151434779,38.5521469,
0,1026,0-1026,Leaf,,,,,0.0955242217,20.0575123,
0,1027,0-1027,Leaf,,,,,0.103610516,59.1725388,
0,1028,0-1028,Leaf,,,,,-0.160000011,4.0,
0,1029,0-1029,Leaf,,,,,-0.165217385,4.75,
0,1030,0-1030,Leaf,,,,,0.0420323797,21.1564388,
0,1031,0-1031,Leaf,,,,,-0.138461545,2.25,
0,1032,0-1032,Leaf,,,,,0.126444891,105.042931,
0,1033,0-1033,Leaf,,,,,0.00318809086,279.470825,
0,1034,0-1034,Leaf,,,,,-0.120276667,77.0575104,
0,1035,0-1035,Leaf,,,,,0.121388197,63.8757553,
0,1036,0-1036,Leaf,,,,,0.0300593562,751.615723,
0,1037,0-1037,Leaf,,,,,0.071830146,2.90107322,
0,1038,0-1038,Leaf,,,,,-0.194838718,37.75,
0,1039,0-1039,Leaf,,,,,-0.104903392,10.1510735,
0,1040,0-1040,Leaf,,,,,0.118190005,18.5575123,
0,1041,0-1041,Leaf,,,,,-0.1942029,33.5,
0,1042,0-1042,Leaf,,,,,-0.100439206,9.65107346,
0,1043,0-1043,Leaf,,,,,0.0913423747,17.4064388,
0,1044,0-1044,Leaf,,,,,-0.147376046,19.1510735,
0,1045,0-1045,Leaf,,,,,0.0313689113,7.30214643,
0,1046,0-1046,Leaf,,,,,-0.178369239,87.8021469,
0,1047,0-1047,Leaf,,,,,-0.0490264334,228.292923,
0,1048,0-1048,Leaf,,,,,0.046080377,317.99765,
0,1049,0-1049,Leaf,,,,,0.00673771277,12.4532194,
0,1050,0-1050,Leaf,,,,,-0.191011235,21.25,
0,1051,0-1051,Leaf,,,,,0.0523298755,848.867249,
0,1052,0-1052,Leaf,,,,,-0.0232747123,170.537567,
0,1053,0-1053,Leaf,,,,,-0.111111119,1.25,
0,1054,0-1054,Leaf,,,,,0.18236129,67.032196,
0,1055,0-1055,Leaf,,,,,0.122002199,47.7193184,
0,1056,0-1056,Leaf,,,,,0.011218708,36.6096573,
0,1057,0-1057,Leaf,,,,,0.00296601327,12.7032194,
0,1058,0-1058,Leaf,,,,,0.153436333,31.2139511,
0,1059,0-1059,Leaf,,,,,0.131991073,69.5789795,
0,1060,0-1060,Leaf,,,,,0.174591601,243.013763,
0,1061,0-1061,Leaf,,,,,-0.127272725,1.75,
0,1062,0-1062,Leaf,,,,,0.136529565,2.15107322,
0,1063,0-1063,Leaf,,,,,0.136529565,2.15107322,
0,1064,0-1064,Leaf,,,,,-0.172413796,6.25,
0,1065,0-1065,Leaf,,,,,0.146300822,64.1779022,
0,1066,0-1066,Leaf,,,,,-0.0517104678,6.15107346,
0,1067,0-1067,Leaf,,,,,0.0212340932,50.4639511,
0,1068,0-1068,Leaf,,,,,0.180128619,49.3236122,
0,1069,0-1069,Leaf,,,,,0.115821175,13.2553663,
0,1070,0-1070,Leaf,,,,,0.195223361,40.8703918,
0,1071,0-1071,Leaf,,,,,-0.142857149,2.5,
0,1072,0-1072,Leaf,,,,,0.15885596,40.3182449,
0,1073,0-1073,Leaf,,,,,-0.183673471,11.25,
0,1074,0-1074,Leaf,,,,,0.0534053519,23.5575123,
0,1075,0-1075,Leaf,,,,,0.0246054363,7.55214643,
0,1076,0-1076,Leaf,,,,,-0.194594607,36.0,
0,1077,0-1077,Leaf,,,,,0.0409478843,3.40107322,
0,1078,0-1078,Leaf,,,,,0.179175973,8.60429287,
0,1079,0-1079,Leaf,,,,,0.136529565,2.15107322,
0,1080,0-1080,Leaf,,,,,-0.100000001,1.0,
0,1081,0-1081,Leaf,,,,,0.071830146,2.90107322,
0,1082,0-1082,Leaf,,,,,0.182986498,10.7553663,
0,1083,0-1083,Leaf,,,,,-0.143792316,94.4064407,
0,1084,0-1084,Leaf,,,,,-0.0597127192,147.625763,
0,1085,0-1085,Leaf,,,,,-0.155555561,3.5,
0,1086,0-1086,Leaf,,,,,0.131915689,15.1564388,
0,1087,0-1087,Leaf,,,,,0.0554590635,3.15107322,
0,1088,0-1088,Leaf,,,,,0.162279427,4.30214643,
0,1089,0-1089,Leaf,,,,,0.0233388599,11.4532194,
0,1090,0-1090,Leaf,,,,,-0.19252336,25.75,
0,1091,0-1091,Leaf,,,,,-0.077422224,7.65107346,
0,1092,0-1092,Leaf,,,,,-0.198099777,104.25,
0,1093,0-1093,Leaf,,,,,-0.150000006,3.0,
0,1094,0-1094,Leaf,,,,,0.0904431716,2.65107322,
0,1095,0-1095,Leaf,,,,,0.188153803,32.766098,
0,1096,0-1096,Leaf,,,,,0.0554590635,3.15107322,
0,1097,0-1097,Leaf,,,,,0.0409478843,3.40107322,
0,1098,0-1098,Leaf,,,,,-0.182222232,10.25,
0,1099,0-1099,Leaf,,,,,0.053924229,9.95321941,
0,1100,0-1100,Leaf,,,,,0.152020603,24.0107327,
0,1101,0-1101,Leaf,,,,,0.131059989,4.80214643,
0,1102,0-1102,Leaf,,,,,-0.157894745,3.75,
0,1103,0-1103,Leaf,,,,,-0.0843469128,52.8075142,
0,1104,0-1104,Leaf,,,,,0.0314631388,133.688629,
0,1105,0-1105,Leaf,,,,,-0.127854988,109.109657,
0,1106,0-1106,Leaf,,,,,0.062752448,25.9585857,
0,1107,0-1107,Leaf,,,,,0.0782336146,24.4585857,
0,1108,0-1108,Leaf,,,,,-0.0980796143,60.0575142,
0,1109,0-1109,Leaf,,,,,-0.0525080971,52.8596573,
0,1110,0-1110,Leaf,,,,,0.0570991896,478.353485,
0,1111,0-1111,Leaf,,,,,0.051474113,34.0107307,
0,1112,0-1112,Leaf,,,,,-0.105569318,28.4532204,
0,1113,0-1113,Leaf,,,,,-0.127272725,1.75,
0,1114,0-1114,Leaf,,,,,0.1729853,24.9118061,
0,1115,0-1115,Leaf,,,,,0.0124591868,137.63649,
0,1116,0-1116,Leaf,,,,,-0.143190742,63.1042938,
0,1117,0-1117,Leaf,,,,,0.107314371,114.444,
0,1118,0-1118,Leaf,,,,,-0.0889814869,16.3021469,
0,1119,0-1119,Leaf,,,,,-0.0582006276,194.584351,
0,1120,0-1120,Leaf,,,,,0.0376383774,130.188629,
0,1121,0-1121,Leaf,,,,,-0.0264572203,248.053665,
0,1122,0-1122,Leaf,,,,,-0.0929536894,684.091248,
0,1123,0-1123,Leaf,,,,,0.0951188728,14.2553663,
0,1124,0-1124,Leaf,,,,,-0.175757572,7.25,
0,1125,0-1125,Leaf,,,,,0.136529565,2.15107322,
0,1126,0-1126,Leaf,,,,,-0.187096775,14.5,
0,1127,0-1127,Leaf,,,,,0.101718605,153.657959,
0,1128,0-1128,Leaf,,,,,-0.174193546,6.75,
0,1129,0-1129,Leaf,,,,,-0.0250750631,29.6564388,
0,1130,0-1130,Leaf,,,,,-0.176813573,118.953217,
0,1131,0-1131,Leaf,,,,,-0.142857149,2.5,
0,1132,0-1132,Leaf,,,,,0.143419147,9.60429287,
0,1133,0-1133,Leaf,,,,,-0.111111119,1.25,
0,1134,0-1134,Leaf,,,,,0.155574828,23.7607327,
0,1135,0-1135,Leaf,,,,,-0.0571932197,163.078979,
0,1136,0-1136,Leaf,,,,,0.0758315548,46.516098,
0,1137,0-1137,Leaf,,,,,0.0893488079,329.769135,
0,1138,0-1138,Leaf,,,,,-0.130009636,14.1510735,
0,1139,0-1139,Leaf,,,,,-0.0467993654,90.1671753,
0,1140,0-1140,Leaf,,,,,-0.177509964,46.1510735,
0,1141,0-1141,Leaf,,,,,0.0531174913,77.9746857,
0,1142,0-1142,Leaf,,,,,-0.0958444774,25.7032204,
0,1143,0-1143,Leaf,,,,,-0.16199325,26.9010735,
0,1144,0-1144,Leaf,,,,,0.0506561771,130.240784,
0,1145,0-1145,Leaf,,,,,0.0296991225,14.8542929,
0,1146,0-1146,Leaf,,,,,-0.1968254,62.0,
0,1147,0-1147,Leaf,,,,,0.00649627391,8.30214691,
0,1148,0-1148,Leaf,,,,,0.186951384,37.3182449,
0,1149,0-1149,Leaf,,,,,0.114083111,150.309021,
0,1150,0-1150,Leaf,,,,,0.0162537862,182.949371,
0,1151,0-1151,Leaf,,,,,-0.0617387109,156.026825,
0,1152,0-1152,Leaf,,,,,0.0226983633,92.6257553,
0,1153,0-1153,Leaf,,,,,0.176388934,49.8236122,
0,1154,0-1154,Leaf,,,,,0.0720853284,704.939331,
0,1155,0-1155,Leaf,,,,,-0.154684588,22.4010735,
0,1156,0-1156,Leaf,,,,,0.162279427,4.30214643,
0,1157,0-1157,Leaf,,,,,-0.146666676,2.75,
0,1158,0-1158,Leaf,,,,,0.163319275,75.334343,
0,1159,0-1159,Leaf,,,,,0.115399837,21.4585857,
0,1160,0-1160,Leaf,,,,,-0.0948146209,99.0628815,
0,1161,0-1161,Leaf,,,,,0.153077975,79.9854126,
0,1162,0-1162,Leaf,,,,,0.0352623388,87.6257553,
0,1163,0-1163,Leaf,,,,,0.075016886,240.632645,
0,1164,0-1164,Leaf,,,,,-0.18571429,13.0,
0,1165,0-1165,Leaf,,,,,0.071830146,2.90107322,
0,1166,0-1166,Leaf,,,,,-0.188405797,16.25,
0,1167,0-1167,Leaf,,,,,-0.100000001,1.0,
0,1168,0-1168,Leaf,,,,,0.16242291,92.1418533,
0,1169,0-1169,Leaf,,,,,-0.0469697118,11.5521469,
0,1170,0-1170,Leaf,,,,,0.161055252,6.70321941,
0,1171,0-1171,Leaf,,,,,-0.0980461687,9.40107346,
0,1172,0-1172,Leaf,,,,,0.119569995,7.70321941,
0,1173,0-1173,Leaf,,,,,0.157114789,271.821259,
0,1174,0-1174,Leaf,,,,,-0.138461545,2.25,
0,1175,0-1175,Leaf,,,,,0.1295771,119.699371,
0,1176,0-1176,Leaf,,,,,-0.0570268631,18.4532204,
0,1177,0-1177,Leaf,,,,,-0.186885253,14.25,
0,1178,0-1178,Leaf,,,,,0.01636675,3.90107322,
0,1179,0-1179,Leaf,,,,,0.105898581,418.759918,
0,1180,0-1180,Leaf,,,,,0.0301545747,272.778351,
0,1181,0-1181,Leaf,,,,,0.12725319,73.2300491,
0,1182,0-1182,Leaf,,,,,0.010925456,664.874939,
0,1183,0-1183,Leaf,,,,,-0.0800156742,208.631119,
0,1184,0-1184,Leaf,,,,,0.00840443838,544.94165,
0,1185,0-1185,Leaf,,,,,0.0901021808,231.033707,
0,1186,0-1186,Leaf,,,,,-0.191397846,22.25,
0,1187,0-1187,Leaf,,,,,-0.146666676,2.75,
0,1188,0-1188,Leaf,,,,,0.169556424,8.85429287,
0,1189,0-1189,Leaf,,,,,-0.185650691,72.9010696,
0,1190,0-1190,Leaf,,,,,-0.0300447997,10.3021469,
0,1191,0-1191,Leaf,,,,,0.0335617922,184.053665,
0,1192,0-1192,Leaf,,,,,-0.0596681125,288.600433,
0,1193,0-1193,Leaf,,,,,-0.0838316604,37.7553673,
0,1194,0-1194,Leaf,,,,,0.109009795,116.595078,
0,1195,0-1195,Leaf,,,,,-0.0774936825,21.7032204,
0,1196,0-1196,Leaf,,,,,0.0810202733,452.858826,
0,1197,0-1197,Leaf,,,,,0.104249991,25.1096592,
0,1198,0-1198,Leaf,,,,,-0.120323561,55.5053673,
0,1199,0-1199,Leaf,,,,,-0.0614012368,6.65107346,
0,1200,0-1200,Leaf,,,,,0.164776087,183.533707,
0,1201,0-1201,Leaf,,,,,-0.0625523999,31.7553654,
0,1202,0-1202,Leaf,,,,,0.149705902,6.95321941,
0,1203,0-1203,Leaf,,,,,0.071830146,2.90107322,
0,1204,0-1204,Leaf,,,,,0.183429644,149.871902,
0,1205,0-1205,Leaf,,,,,-0.163636371,4.5,
0,1206,0-1206,Leaf,,,,,0.153551981,106.647224,
0,1207,0-1207,Leaf,,,,,0.165293306,27.8128777,
0,1208,0-1208,Leaf,,,,,0.0903451517,38.2139511,
0,1209,0-1209,Leaf,,,,,-0.0614012368,6.65107346,
0,1210,0-1210,Leaf,,,,,0.178653926,92.6940002,
0,1211,0-1211,Leaf,,,,,0.114846624,237.393372,
0,1212,0-1212,Leaf,,,,,0.0136202946,144.938629,
0,1213,0-1213,Leaf,,,,,-0.193277314,28.75,
0,1214,0-1214,Leaf,,,,,0.136529565,2.15107322,
0,1215,0-1215,Leaf,,,,,-0.171428576,6.0,
0,1216,0-1216,Leaf,,,,,0.0907753259,41.1150246,
0,1217,0-1217,Leaf,,,,,-0.153142676,131.80751,
0,1218,0-1218,Leaf,,,,,-0.0399270058,156.131119,
0,1219,0-1219,Leaf,,,,,-0.146666676,2.75,
0,1220,0-1220,Leaf,,,,,0.182616815,22.0107327,
0,1221,0-1221,Leaf,,,,,-0.150664315,90.2553635,
0,1222,0-1222,Leaf,,,,,0.0184801463,35.3596573,
0,1223,0-1223,Leaf,,,,,0.00580457924,1128.78979,
0,1224,0-1224,Leaf,,,,,0.080420576,183.814392,
0,1225,0-1225,Leaf,,,,,0.125172451,60.4746857,
0,1226,0-1226,Leaf,,,,,-0.138461545,2.25,
0,1227,0-1227,Leaf,,,,,-0.094262816,1278.46851,
0,1228,0-1228,Leaf,,,,,-0.0294440743,423.940155,
0,1229,0-1229,Leaf,,,,,0.108463481,47.0682449,
0,1230,0-1230,Leaf,,,,,-0.0463804901,341.965454,
0,1231,0-1231,Leaf,,,,,0.0537748598,172.704727,
0,1232,0-1232,Leaf,,,,,-0.0353537016,2289.17017,
0,1233,0-1233,Leaf,,,,,0.150855362,55.9746857,
0,1234,0-1234,Leaf,,,,,0.0148712546,264.220825,
0,1235,0-1235,Leaf,,,,,0.182986498,10.7553663,
0,1236,0-1236,Leaf,,,,,0.071830146,2.90107322,
0,1237,0-1237,Leaf,,,,,0.135509387,9.85429287,
0,1238,0-1238,Leaf,,,,,-0.11559891,31.9532204,
0,1239,0-1239,Leaf,,,,,-0.165217385,4.75,
0,1240,0-1240,Leaf,,,,,0.114481822,51.6203918,
0,1241,0-1241,Leaf,,,,,-0.163636371,4.5,
0,1242,0-1242,Leaf,,,,,0.0987708494,22.7085857,
0,1243,0-1243,Leaf,,,,,0.118799247,34.7139511,
0,1244,0-1244,Leaf,,,,,-0.0635934994,32.0053673,
0,1245,0-1245,Leaf,,,,,-0.163636371,4.5,
0,1246,0-1246,Leaf,,,,,0.102821805,471.328156,
0,1247,0-1247,Leaf,,,,,0.00330371386,2243.06885,
0,1248,0-1248,Leaf,,,,,0.0610401146,345.862701,
0,1249,0-1249,Leaf,,,,,0.111000024,151.809021,
0,1250,0-1250,Leaf,,,,,-0.0337227993,10.5521469,
0,1251,0-1251,Leaf,,,,,-0.0577109568,459.981567,
0,1252,0-1252,Leaf,,,,,0.038069576,57.6671715,
0,1253,0-1253,Leaf,,,,,-0.166666672,5.0,
0,1254,0-1254,Leaf,,,,,0.123325847,34.2139511,
0,1255,0-1255,Leaf,,,,,-0.138461545,2.25,
0,1256,0-1256,Leaf,,,,,0.148165852,155.267609,
0,1257,0-1257,Leaf,,,,,-0.171428576,6.0,
0,1258,0-1258,Leaf,,,,,0.0690221414,50.9171715,
0,1259,0-1259,Leaf,,,,,0.0118122278,20.2553654,
0,1260,0-1260,Leaf,,,,,-0.191011235,21.25,
0,1261,0-1261,Leaf,,,,,0.14628458,41.8182449,
0,1262,0-1262,Leaf,,,,,0.0118288994,77.1203918,
0,1263,0-1263,Leaf,,,,,-0.127272725,1.75,
0,1264,0-1264,Leaf,,,,,0.16855827,97.5950775,
0,1265,0-1265,Leaf,,,,,-0.165217385,4.75,
0,1266,0-1266,Leaf,,,,,0.0923772082,532.344238,
0,1267,0-1267,Leaf,,,,,-0.100516848,44.2553673,
0,1268,0-1268,Leaf,,,,,0.0555329397,201.814392,
0,1269,0-1269,Leaf,,,,,-0.0273358207,324.069763,
0,1270,0-1270,Leaf,,,,,0.0300531369,792.777527,
0,1271,0-1271,Leaf,,,,,0.103011213,249.544449,
0,1272,0-1272,Leaf,,,,,0.0226061754,204.756882,
0,1273,0-1273,Leaf,,,,,0.071830146,2.90107322,
0,1274,0-1274,Leaf,,,,,-0.195721924,45.75,
0,1275,0-1275,Leaf,,,,,0.117384687,5.05214643,
0,1276,0-1276,Leaf,,,,,-0.138461545,2.25,
0,1277,0-1277,Leaf,,,,,-0.177777782,8.0,
0,1278,0-1278,Leaf,,,,,0.136529565,2.15107322,
0,1279,0-1279,Leaf,,,,,-0.127272725,1.75,
0,1280,0-1280,Leaf,,,,,0.167361245,11.2553663,
0,1281,0-1281,Leaf,,,,,0.0352321379,489.993805,
0,1282,0-1282,Leaf,,,,,-0.0256713126,335.77298,
0,1283,0-1283,Leaf,,,,,-0.195604399,44.5,
0,1284,0-1284,Leaf,,,,,-0.00280432426,30.5575123,
0,1285,0-1285,Leaf,,,,,0.176989079,33.766098,
0,1286,0-1286,Leaf,,,,,-0.0123490449,4.65107346,
0,1287,0-1287,Leaf,,,,,0.191900223,122.460098,
0,1288,0-1288,Leaf,,,,,0.126857981,15.4064388,
0,1289,0-1289,Leaf,,,,,-0.120000005,1.5,
0,1290,0-1290,Leaf,,,,,0.162279427,4.30214643,
0,1291,0-1291,Leaf,,,,,0.180909365,35.6671715,
0,1292,0-1292,Leaf,,,,,0.071830146,2.90107322,
0,1293,0-1293,Leaf,,,,,-0.165217385,4.75,
0,1294,0-1294,Leaf,,,,,0.136529565,2.15107322,
0,1295,0-1295,Leaf,,,,,0.161055252,6.70321941,
0,1296,0-1296,Leaf,,,,,-0.120000005,1.5,
0,1297,0-1297,Leaf,,,,,0.167361245,11.2553663,
0,1298,0-1298,Leaf,,,,,0.0630539656,6.30214643,
0,1299,0-1299,Leaf,,,,,0.0569791198,33.2607307,
0,1300,0-1300,Leaf,,,,,-0.124083176,24.3021469,
0,1301,0-1301,Leaf,,,,,0.071830146,2.90107322,
0,1302,0-1302,Leaf,,,,,0.182986498,10.7553663,
0,1303,0-1303,Leaf,,,,,-0.13333334,2.0,
0,1304,0-1304,Leaf,,,,,0.152651057,199.638,
0,1305,0-1305,Leaf,,,,,0.131059989,4.80214643,
0,1306,0-1306,Leaf,,,,,-0.171428576,6.0,
0,1307,0-1307,Leaf,,,,,0.125437781,41.9171715,
0,1308,0-1308,Leaf,,,,,0.013958565,52.2139511,
0,1309,0-1309,Leaf,,,,,-0.102577746,71.7085876,
0,1310,0-1310,Leaf,,,,,0.135264561,25.2607327,
0,1311,0-1311,Leaf,,,,,0.0978048071,285.706238,
0,1312,0-1312,Leaf,,,,,-0.0764891729,14.5521469,
0,1313,0-1313,Leaf,,,,,-0.184313729,11.75,
0,1314,0-1314,Leaf,,,,,0.149705902,6.95321941,
0,1315,0-1315,Leaf,,,,,0.170697361,29.7139511,
0,1316,0-1316,Leaf,,,,,-0.127272725,1.75,
0,1317,0-1317,Leaf,,,,,-0.12086983,12.4010735,
0,1318,0-1318,Leaf,,,,,0.139200032,68.0789795,
0,1319,0-1319,Leaf,,,,,0.15528965,372.515289,
0,1320,0-1320,Leaf,,,,,-0.111111119,1.25,
0,1321,0-1321,Leaf,,,,,0.071830146,2.90107322,
0,1322,0-1322,Leaf,,,,,0.187544778,15.0575123,
0,1323,0-1323,Leaf,,,,,-0.108984411,10.6510735,
0,1324,0-1324,Leaf,,,,,0.080865562,453.108826,
0,1325,0-1325,Leaf,,,,,0.0275380667,1047.34729,
0,1326,0-1326,Leaf,,,,,0.156788051,42.9693184,
0,1327,0-1327,Leaf,,,,,0.11268755,43.6671715,
0,1328,0-1328,Leaf,,,,,-0.0384197794,69.4639511,
0,1329,0-1329,Leaf,,,,,-0.164949223,53.8021469,
0,1330,0-1330,Leaf,,,,,-0.0392165519,80.516098,
0,1331,0-1331,Leaf,,,,,0.164473698,134.111176,
0,1332,0-1332,Leaf,,,,,0.01636675,3.90107322,
0,1333,0-1333,Leaf,,,,,-0.000708620297,51.8128777,
0,1334,0-1334,Leaf,,,,,0.107335962,293.612701,
0,1335,0-1335,Leaf,,,,,0.0341729186,536.306702,
0,1336,0-1336,Leaf,,,,,0.100457087,165.762253,
0,1337,0-1337,Leaf,,,,,-0.16129972,26.4010735,
0,1338,0-1338,Leaf,,,,,0.00573660852,104.526833,
0,1339,0-1339,Leaf,,,,,-0.111111119,1.25,
0,1340,0-1340,Leaf,,,,,0.164928123,70.282196,
0,1341,0-1341,Leaf,,,,,-0.119705133,44.3542938,
0,1342,0-1342,Leaf,,,,,0.0369413458,617.182434,
0,1343,0-1343,Leaf,,,,,0.103826202,67.6257553,
0,1344,0-1344,Leaf,,,,,-0.0464588515,1283.59583,
0,1345,0-1345,Leaf,,,,,-0.0591445863,24.8542938,
0,1346,0-1346,Leaf,,,,,0.107999556,55.5214653,
0,1347,0-1347,Leaf,,,,,0.0409478843,3.40107322,
0,1348,0-1348,Leaf,,,,,0.178271011,45.0214653,
0,1349,0-1349,Leaf,,,,,0.0692005381,424.842743,
0,1350,0-1350,Leaf,,,,,0.135751769,132.855804,
0,1351,0-1351,Leaf,,,,,0.0376515128,10.7032194,
0,1352,0-1352,Leaf,,,,,0.165570006,138.413315,
0,1353,0-1353,Leaf,,,,,-0.188732401,16.75,
0,1354,0-1354,Leaf,,,,,0.0279966872,3.65107322,
0,1355,0-1355,Leaf,,,,,0.0364540219,774.928589,
0,1356,0-1356,Leaf,,,,,0.105058372,346.582001,
0,1357,0-1357,Leaf,,,,,-0.049852524,246.746155,
0,1358,0-1358,Leaf,,,,,0.0736320242,109.78756,
0,1359,0-1359,Leaf,,,,,0.171998918,98.9961472,
0,1360,0-1360,Leaf,,,,,-0.13333334,2.0,
0,1361,0-1361,Leaf,,,,,0.08505252,727.15863,
0,1362,0-1362,Leaf,,,,,0.0348961912,505.348114,
0,1363,0-1363,Leaf,,,,,-0.0348161459,26.2553654,
0,1364,0-1364,Leaf,,,,,0.173165962,6.45321941,
0,1365,0-1365,Leaf,,,,,0.111792557,2.40107322,
0,1366,0-1366,Leaf,,,,,-0.193220347,28.5,
0,1367,0-1367,Leaf,,,,,-0.111111119,1.25,
0,1368,0-1368,Leaf,,,,,0.172954947,43.3703918,
0,1369,0-1369,Leaf,,,,,-0.0100726113,77.0682449,
0,1370,0-1370,Leaf,,,,,0.0802202448,312.909454,
0,1371,0-1371,Leaf,,,,,0.0451172478,70.0214615,
0,1372,0-1372,Leaf,,,,,0.141265169,44.9693184,
0,1373,0-1373,Leaf,,,,,-0.0560898669,335.210114,
0,1374,0-1374,Leaf,,,,,0.111705802,46.5682449,
0,1375,0-1375,Leaf,,,,,0.102280997,99.2875595,
0,1376,0-1376,Leaf,,,,,0.161893368,232.555176,
0,1377,0-1377,Leaf,,,,,0.0977807119,291.508392,
0,1378,0-1378,Leaf,,,,,-0.167999998,5.25,
0,1379,0-1379,Leaf,,,,,0.136529565,2.15107322,
0,1380,0-1380,Leaf,,,,,-0.184615389,12.0,
0,1381,0-1381,Leaf,,,,,0.0399258658,32.1096573,
0,1382,0-1382,Leaf,,,,,0.162903011,23.2607327,
0,1383,0-1383,Leaf,,,,,0.166331008,46.5214653,
0,1384,0-1384,Leaf,,,,,-0.100000001,1.0,
0,1385,0-1385,Leaf,,,,,0.171744317,27.3128777,
0,1386,0-1386,Leaf,,,,,-0.142857149,2.5,
0,1387,0-1387,Leaf,,,,,0.111792557,2.40107322,
0,1388,0-1388,Leaf,,,,,-0.163636371,4.5,
0,1389,0-1389,Leaf,,,,,-0.174999997,7.0,
0,1390,0-1390,Leaf,,,,,0.0957544446,25.8596592,
0,1391,0-1391,Leaf,,,,,0.173165962,6.45321941,
0,1392,0-1392,Leaf,,,,,0.0279966872,3.65107322,
0,1393,0-1393,Leaf,,,,,0.071830146,2.90107322,
0,1394,0-1394,Leaf,,,,,0.168543071,62.5789757,
